{"0/precision": 0.8249336870026526, "0/recall": 0.6282828282828283, "0/f1-score": 0.7133027522935781, "0/support": 495, "1/precision": 0.7037037037037037, "1/recall": 0.8687872763419483, "1/f1-score": 0.7775800711743773, "1/support": 503, "micro avg/precision": 0.749498997995992, "micro avg/recall": 0.749498997995992, "micro avg/f1-score": 0.749498997995992, "micro avg/support": 998, "macro avg/precision": 0.7643186953531782, "macro avg/recall": 0.7485350523123884, "macro avg/f1-score": 0.7454414117339777, "macro avg/support": 998, "weighted avg/precision": 0.7638328036365492, "weighted avg/recall": 0.749498997995992, "weighted avg/f1-score": 0.74569903625855, "weighted avg/support": 998, "accuracy": 0.749498997995992, "roc_auc": 0.833118460951463, "pr_auc": 0.8226616926364725, "conicity_mean": "0.564083", "conicity_std": "0.09060144"}