{"0/precision": 0.6807228915662651, "0/recall": 0.6890243902439024, "0/f1-score": 0.6848484848484848, "0/support": 492, "1/precision": 0.6946107784431138, "1/recall": 0.6863905325443787, "1/f1-score": 0.6904761904761905, "1/support": 507, "micro avg/precision": 0.6876876876876877, "micro avg/recall": 0.6876876876876877, "micro avg/f1-score": 0.6876876876876877, "micro avg/support": 999, "macro avg/precision": 0.6876668350046895, "macro avg/recall": 0.6877074613941405, "macro avg/f1-score": 0.6876623376623376, "macro avg/support": 999, "weighted avg/precision": 0.6877710984196808, "weighted avg/recall": 0.6876876876876877, "weighted avg/f1-score": 0.6877045877045876, "weighted avg/support": 999, "accuracy": 0.6876876876876877, "roc_auc": 0.744724266769295, "pr_auc": 0.7182479008125973, "conicity_mean": "0.17070663", "conicity_std": "0.04093589"}