{"0/precision": 0.7782608695652173, "0/recall": 0.7232323232323232, "0/f1-score": 0.749738219895288, "0/support": 495, "1/precision": 0.7453531598513011, "1/recall": 0.7972166998011928, "1/f1-score": 0.7704130643611911, "1/support": 503, "micro avg/precision": 0.7605210420841684, "micro avg/recall": 0.7605210420841684, "micro avg/f1-score": 0.7605210420841684, "micro avg/support": 998, "macro avg/precision": 0.7618070147082592, "macro avg/recall": 0.7602245115167581, "macro avg/f1-score": 0.7600756421282395, "macro avg/support": 998, "weighted avg/precision": 0.7616751200801474, "weighted avg/recall": 0.7605210420841684, "weighted avg/f1-score": 0.7601585072363193, "weighted avg/support": 998, "accuracy": 0.7605210420841684, "roc_auc": 0.8246561037813525, "pr_auc": 0.8034372563326456, "conicity_mean": "0.5754875", "conicity_std": "0.0931177"}