{"0/precision": 0.7314285714285714, "0/recall": 0.8084210526315789, "0/f1-score": 0.768, "0/support": 475, "1/precision": 0.8080168776371308, "1/recall": 0.7309160305343512, "1/f1-score": 0.7675350701402806, "1/support": 524, "micro avg/precision": 0.7677677677677678, "micro avg/recall": 0.7677677677677678, "micro avg/f1-score": 0.7677677677677677, "micro avg/support": 999, "macro avg/precision": 0.7697227245328511, "macro avg/recall": 0.769668541582965, "macro avg/f1-score": 0.7677675350701403, "macro avg/support": 999, "weighted avg/precision": 0.7716010163267547, "weighted avg/recall": 0.7677677677677678, "weighted avg/f1-score": 0.7677561328863934, "weighted avg/support": 999, "accuracy": 0.7677677677677678, "roc_auc": 0.8557251908396947, "pr_auc": 0.8702743742911447, "conicity_mean": "0.48544788", "conicity_std": "0.13002373"}