{"0/precision": 0.8028169014084507, "0/recall": 0.7112299465240641, "0/f1-score": 0.7542533081285444, "0/support": 561, "1/precision": 0.6772908366533864, "1/recall": 0.776255707762557, "1/f1-score": 0.7234042553191489, "1/support": 438, "micro avg/precision": 0.7397397397397397, "micro avg/recall": 0.7397397397397397, "micro avg/f1-score": 0.7397397397397397, "micro avg/support": 999, "macro avg/precision": 0.7400538690309186, "macro avg/recall": 0.7437428271433106, "macro avg/f1-score": 0.7388287817238466, "macro avg/support": 999, "weighted avg/precision": 0.747781449593918, "weighted avg/recall": 0.7397397397397397, "weighted avg/f1-score": 0.7407278975874881, "weighted avg/support": 999, "accuracy": 0.7397397397397397, "roc_auc": 0.8091552104444933, "pr_auc": 0.7502696057812333, "conicity_mean": "0.1585056", "conicity_std": "0.059408627"}