{"0/precision": 0.7845637583892617, "0/recall": 0.7968643490115883, "0/f1-score": 0.7906662157592155, "0/support": 1467, "1/precision": 0.8022561380225613, "1/recall": 0.7901960784313725, "1/f1-score": 0.796180441224893, "1/support": 1530, "micro avg/precision": 0.7934601267934601, "micro avg/recall": 0.7934601267934601, "micro avg/f1-score": 0.79346012679346, "micro avg/support": 2997, "macro avg/precision": 0.7934099482059116, "macro avg/recall": 0.7935302137214804, "macro avg/f1-score": 0.7934233284920542, "macro avg/support": 2997, "weighted avg/precision": 0.7935959041480032, "weighted avg/recall": 0.7934601267934601, "weighted avg/f1-score": 0.7934812858167686, "weighted avg/support": 2997, "accuracy": 0.7934601267934601, "roc_auc": 0.86866799435066, "pr_auc": 0.8705076948183947, "conicity_mean": "0.44773543", "conicity_std": "0.13476229"}