{"0/precision": 0.7354596622889306, "0/recall": 0.8252631578947368, "0/f1-score": 0.7777777777777778, "0/support": 475, "1/precision": 0.8218884120171673, "1/recall": 0.7309160305343512, "1/f1-score": 0.7737373737373737, "1/support": 524, "micro avg/precision": 0.7757757757757757, "micro avg/recall": 0.7757757757757757, "micro avg/f1-score": 0.7757757757757757, "micro avg/support": 999, "macro avg/precision": 0.778674037153049, "macro avg/recall": 0.778089594214544, "macro avg/f1-score": 0.7757575757575758, "macro avg/support": 999, "weighted avg/precision": 0.7807936611453832, "weighted avg/recall": 0.7757757757757757, "weighted avg/f1-score": 0.7756584867695979, "weighted avg/support": 999, "accuracy": 0.7757757757757757, "roc_auc": 0.8603575733226195, "pr_auc": 0.8759569434638389, "conicity_mean": "0.48423913", "conicity_std": "0.12534589"}