{"0/precision": 0.6942909760589319, "0/recall": 0.7616161616161616, "0/f1-score": 0.7263969171483623, "0/support": 495, "1/precision": 0.7406593406593407, "1/recall": 0.6699801192842942, "1/f1-score": 0.7035490605427975, "1/support": 503, "micro avg/precision": 0.7154308617234469, "micro avg/recall": 0.7154308617234469, "micro avg/f1-score": 0.7154308617234469, "micro avg/support": 998, "macro avg/precision": 0.7174751583591363, "macro avg/recall": 0.7157981404502279, "macro avg/f1-score": 0.7149729888455799, "macro avg/support": 998, "weighted avg/precision": 0.7176610035078355, "weighted avg/recall": 0.7154308617234469, "weighted avg/f1-score": 0.7148814142700065, "weighted avg/support": 998, "accuracy": 0.7154308617234469, "roc_auc": 0.7743317870554451, "pr_auc": 0.7485114144332174, "conicity_mean": "0.1779465", "conicity_std": "0.041366205"}