{"0/precision": 0.7962724935732648, "0/recall": 0.812992125984252, "0/f1-score": 0.8045454545454546, "0/support": 1524, "1/precision": 0.8024948024948025, "1/recall": 0.7850847457627118, "1/f1-score": 0.7936943111720357, "1/support": 1475, "micro avg/precision": 0.7992664221407135, "micro avg/recall": 0.7992664221407135, "micro avg/f1-score": 0.7992664221407135, "micro avg/support": 2999, "macro avg/precision": 0.7993836480340337, "macro avg/recall": 0.7990384358734819, "macro avg/f1-score": 0.7991198828587451, "macro avg/support": 2999, "weighted avg/precision": 0.7993328155670187, "weighted avg/recall": 0.7992664221407135, "weighted avg/f1-score": 0.7992085300787014, "weighted avg/support": 2999, "accuracy": 0.7992664221407135, "roc_auc": 0.8744735086080341, "pr_auc": 0.8707229609505696, "conicity_mean": "0.41073465", "conicity_std": "0.11394306"}