{"0/precision": 0.6819047619047619, "0/recall": 0.7276422764227642, "0/f1-score": 0.704031465093412, "0/support": 492, "1/precision": 0.7172995780590717, "1/recall": 0.6706114398422091, "1/f1-score": 0.6931702344546381, "1/support": 507, "micro avg/precision": 0.6986986986986987, "micro avg/recall": 0.6986986986986987, "micro avg/f1-score": 0.6986986986986987, "micro avg/support": 999, "macro avg/precision": 0.6996021699819168, "macro avg/recall": 0.6991268581324867, "macro avg/f1-score": 0.698600849774025, "macro avg/support": 999, "weighted avg/precision": 0.6998678968299222, "weighted avg/recall": 0.6986986986986987, "weighted avg/f1-score": 0.6985193090034637, "weighted avg/support": 999, "accuracy": 0.6986986986986987, "roc_auc": 0.761698016388448, "pr_auc": 0.7468408709762953, "conicity_mean": "0.16968949", "conicity_std": "0.039893307"}