{"0/precision": 0.7121771217712177, "0/recall": 0.7797979797979798, "0/f1-score": 0.7444551591128256, "0/support": 495, "1/precision": 0.7609649122807017, "1/recall": 0.6898608349900597, "1/f1-score": 0.7236704900938479, "1/support": 503, "micro avg/precision": 0.7344689378757515, "micro avg/recall": 0.7344689378757515, "micro avg/f1-score": 0.7344689378757515, "micro avg/support": 998, "macro avg/precision": 0.7365710170259597, "macro avg/recall": 0.7348294073940198, "macro avg/f1-score": 0.7340628246033367, "macro avg/support": 998, "weighted avg/precision": 0.7367665592724907, "weighted avg/recall": 0.7344689378757515, "weighted avg/f1-score": 0.7339795193166876, "weighted avg/support": 998, "accuracy": 0.7344689378757515, "roc_auc": 0.8095025804767355, "pr_auc": 0.783851673667748, "conicity_mean": "0.14465074", "conicity_std": "0.046262644"}