{"0/precision": 0.7843684577808793, "0/recall": 0.7375328083989501, "0/f1-score": 0.7602299628001352, "0/support": 1524, "1/precision": 0.7445721583652618, "1/recall": 0.7905084745762712, "1/f1-score": 0.7668530088786584, "1/support": 1475, "micro avg/precision": 0.7635878626208736, "micro avg/recall": 0.7635878626208736, "micro avg/f1-score": 0.7635878626208736, "micro avg/support": 2999, "macro avg/precision": 0.7644703080730706, "macro avg/recall": 0.7640206414876106, "macro avg/f1-score": 0.7635414858393967, "macro avg/support": 2999, "weighted avg/precision": 0.7647954195554588, "weighted avg/recall": 0.7635878626208736, "weighted avg/f1-score": 0.7634873795943404, "weighted avg/support": 2999, "accuracy": 0.7635878626208736, "roc_auc": 0.8450785177276571, "pr_auc": 0.834087603238103, "conicity_mean": "0.17642853", "conicity_std": "0.038725205"}