{"0/precision": 0.638095238095238, "0/recall": 0.8121212121212121, "0/f1-score": 0.7146666666666668, "0/support": 495, "1/precision": 0.7472826086956522, "1/recall": 0.5467196819085487, "1/f1-score": 0.6314580941446613, "1/support": 503, "micro avg/precision": 0.6783567134268537, "micro avg/recall": 0.6783567134268537, "micro avg/f1-score": 0.6783567134268537, "micro avg/support": 998, "macro avg/precision": 0.6926889233954452, "macro avg/recall": 0.6794204470148804, "macro avg/f1-score": 0.673062380405664, "macro avg/support": 998, "weighted avg/precision": 0.6931265481273106, "weighted avg/recall": 0.6783567134268537, "weighted avg/f1-score": 0.6727288791129906, "weighted avg/support": 998, "accuracy": 0.6783567134268537, "roc_auc": 0.7737494226559832, "pr_auc": 0.7562780008355373, "conicity_mean": "0.5397995", "conicity_std": "0.105024226"}