{"0/precision": 0.853125, "0/recall": 0.5548780487804879, "0/f1-score": 0.6724137931034483, "0/support": 492, "1/precision": 0.6774668630338734, "1/recall": 0.9072978303747534, "1/f1-score": 0.775716694772344, "1/support": 507, "micro avg/precision": 0.7337337337337337, "micro avg/recall": 0.7337337337337337, "micro avg/f1-score": 0.7337337337337337, "micro avg/support": 999, "macro avg/precision": 0.7652959315169368, "macro avg/recall": 0.7310879395776206, "macro avg/f1-score": 0.7240652439378961, "macro avg/support": 999, "weighted avg/precision": 0.7639771767349086, "weighted avg/recall": 0.7337337337337337, "weighted avg/f1-score": 0.7248407912477226, "weighted avg/support": 999, "accuracy": 0.7337337337337337, "roc_auc": 0.8315974727794615, "pr_auc": 0.8238042682877109, "conicity_mean": "0.5939357", "conicity_std": "0.13162948"}