,mean,std
Overall,0.5071157559156417,0.10400097543970213
