,mean,std
Overall,0.33128797844797375,0.08072811324255648
