,mean,std
Overall,0.024028191342949867,0.017112774774432182
