,mean,std
Overall,0.018560994416475296,0.013407500460743904
