,mean,std
Overall,0.27812090516090393,0.3038821220397949
