,mean,std
Overall,0.7769073843955994,0.17444254457950592
