{"0/precision": 0.7132075471698113, "0/recall": 0.7957894736842105, "0/f1-score": 0.7522388059701492, "0/support": 475, "1/precision": 0.7931769722814499, "1/recall": 0.7099236641221374, "1/f1-score": 0.7492447129909365, "1/support": 524, "micro avg/precision": 0.7507507507507507, "micro avg/recall": 0.7507507507507507, "micro avg/f1-score": 0.7507507507507507, "micro avg/support": 999, "macro avg/precision": 0.7531922597256306, "macro avg/recall": 0.7528565689031739, "macro avg/f1-score": 0.7507417594805429, "macro avg/support": 999, "weighted avg/precision": 0.7551534718529931, "weighted avg/recall": 0.7507507507507507, "weighted avg/f1-score": 0.7506683307738455, "weighted avg/support": 999, "accuracy": 0.7507507507507507, "roc_auc": 0.807991161108879, "pr_auc": 0.8135982083051462, "conicity_mean": "0.17042138", "conicity_std": "0.035888147"}