{"0/precision": 0.8362797847809378, "0/recall": 0.7346387575962188, "0/f1-score": 0.7821710999281093, "0/support": 1481, "1/precision": 0.7684148497348262, "1/recall": 0.8595912986156888, "1/f1-score": 0.8114499066583697, "1/support": 1517, "micro avg/precision": 0.7978652434956638, "micro avg/recall": 0.7978652434956638, "micro avg/f1-score": 0.7978652434956638, "micro avg/support": 2998, "macro avg/precision": 0.802347317257882, "macro avg/recall": 0.7971150281059538, "macro avg/f1-score": 0.7968105032932395, "macro avg/support": 2998, "weighted avg/precision": 0.8019398560067713, "weighted avg/recall": 0.7978652434956638, "weighted avg/f1-score": 0.796986293326977, "weighted avg/support": 2998, "accuracy": 0.7978652434956638, "roc_auc": 0.8793239971744937, "pr_auc": 0.8788035027896488, "conicity_mean": "0.4388905", "conicity_std": "0.1431959"}