{"0/precision": 0.7370030581039755, "0/recall": 0.8214042263122018, "0/f1-score": 0.7769181173436492, "0/support": 1467, "1/precision": 0.8076358296622613, "1/recall": 0.7189542483660131, "1/f1-score": 0.7607192254495159, "1/support": 1530, "micro avg/precision": 0.7691024357691024, "micro avg/recall": 0.7691024357691024, "micro avg/f1-score": 0.7691024357691024, "micro avg/support": 2997, "macro avg/precision": 0.7723194438831185, "macro avg/recall": 0.7701792373391074, "macro avg/f1-score": 0.7688186713965826, "macro avg/support": 2997, "weighted avg/precision": 0.7730618303709683, "weighted avg/recall": 0.7691024357691024, "weighted avg/f1-score": 0.7686484127730706, "weighted avg/support": 2997, "accuracy": 0.7691024357691024, "roc_auc": 0.8464693853001324, "pr_auc": 0.8380693437632551, "conicity_mean": "0.16514255", "conicity_std": "0.037897263"}