{"0/precision": 0.794921875, "0/recall": 0.7254901960784313, "0/f1-score": 0.7586206896551723, "0/support": 561, "1/precision": 0.6837782340862423, "1/recall": 0.7602739726027398, "1/f1-score": 0.72, "1/support": 438, "micro avg/precision": 0.7407407407407407, "micro avg/recall": 0.7407407407407407, "micro avg/f1-score": 0.7407407407407407, "micro avg/support": 999, "macro avg/precision": 0.7393500545431211, "macro avg/recall": 0.7428820843405856, "macro avg/f1-score": 0.7393103448275862, "macro avg/support": 999, "weighted avg/precision": 0.7461922306354095, "weighted avg/recall": 0.7407407407407407, "weighted avg/f1-score": 0.741687894791343, "weighted avg/support": 999, "accuracy": 0.7407407407407407, "roc_auc": 0.8288607265239014, "pr_auc": 0.7868309023621991, "conicity_mean": "0.4752669", "conicity_std": "0.103339694"}