{"0/precision": 0.6640926640926641, "0/recall": 0.6991869918699187, "0/f1-score": 0.6811881188118812, "0/support": 492, "1/precision": 0.6923076923076923, "1/recall": 0.6568047337278107, "1/f1-score": 0.6740890688259109, "1/support": 507, "micro avg/precision": 0.6776776776776777, "micro avg/recall": 0.6776776776776777, "micro avg/f1-score": 0.6776776776776777, "micro avg/support": 999, "macro avg/precision": 0.6782001782001782, "macro avg/recall": 0.6779958627988647, "macro avg/f1-score": 0.677638593818896, "macro avg/support": 999, "weighted avg/precision": 0.6784120027363271, "weighted avg/recall": 0.6776776776776777, "weighted avg/f1-score": 0.6775852976478303, "weighted avg/support": 999, "accuracy": 0.6776776776776777, "roc_auc": 0.750934077388111, "pr_auc": 0.7474288538705021, "conicity_mean": "0.1348591", "conicity_std": "0.04472883"}