{"0/precision": 0.774212715389186, "0/recall": 0.8733243967828418, "0/f1-score": 0.8207874015748031, "0/support": 1492, "1/precision": 0.8562737642585552, "1/recall": 0.747675962815405, "1/f1-score": 0.7982984757178305, "1/support": 1506, "micro avg/precision": 0.8102068045363575, "micro avg/recall": 0.8102068045363575, "micro avg/f1-score": 0.8102068045363575, "micro avg/support": 2998, "macro avg/precision": 0.8152432398238706, "macro avg/recall": 0.8105001797991234, "macro avg/f1-score": 0.8095429386463169, "macro avg/support": 2998, "weighted avg/precision": 0.8154348433402434, "weighted avg/recall": 0.8102068045363575, "weighted avg/f1-score": 0.8094904294798728, "weighted avg/support": 2998, "accuracy": 0.8102068045363575, "roc_auc": 0.9007224008345527, "pr_auc": 0.8916147344383262, "conicity_mean": "0.44292158", "conicity_std": "0.11631958"}