{"0/precision": 0.6774193548387096, "0/recall": 0.7957894736842105, "0/f1-score": 0.7318489835430784, "0/support": 475, "1/precision": 0.780045351473923, "1/recall": 0.6564885496183206, "1/f1-score": 0.7129533678756477, "1/support": 524, "micro avg/precision": 0.7227227227227228, "micro avg/recall": 0.7227227227227228, "micro avg/f1-score": 0.7227227227227229, "micro avg/support": 999, "macro avg/precision": 0.7287323531563163, "macro avg/recall": 0.7261390116512656, "macro avg/f1-score": 0.722401175709363, "macro avg/support": 999, "weighted avg/precision": 0.7312492069276504, "weighted avg/recall": 0.7227227227227228, "weighted avg/f1-score": 0.7219377697195212, "weighted avg/support": 999, "accuracy": 0.7227227227227228, "roc_auc": 0.7956528726396144, "pr_auc": 0.8006401920875559, "conicity_mean": "0.15059029", "conicity_std": "0.045344524"}