{"0/precision": 0.732947232947233, "0/recall": 0.7690749493585415, "0/f1-score": 0.7505766062602965, "0/support": 1481, "1/precision": 0.7631578947368421, "1/recall": 0.7264337508239948, "1/f1-score": 0.7443431273218507, "1/support": 1517, "micro avg/precision": 0.747498332221481, "micro avg/recall": 0.747498332221481, "micro avg/f1-score": 0.747498332221481, "micro avg/support": 2998, "macro avg/precision": 0.7480525638420376, "macro avg/recall": 0.7477543500912681, "macro avg/f1-score": 0.7474598667910737, "macro avg/support": 2998, "weighted avg/precision": 0.7482339487360379, "weighted avg/recall": 0.747498332221481, "weighted avg/f1-score": 0.7474224409668936, "weighted avg/support": 2998, "accuracy": 0.747498332221481, "roc_auc": 0.814957824377959, "pr_auc": 0.8024303232941186, "conicity_mean": "0.1351739", "conicity_std": "0.048435997"}