{"0/precision": 0.8397435897435898, "0/recall": 0.7024128686327078, "0/f1-score": 0.7649635036496351, "0/support": 1492, "1/precision": 0.7462857142857143, "1/recall": 0.8671978751660027, "1/f1-score": 0.8022113022113022, "1/support": 1506, "micro avg/precision": 0.7851901267511674, "micro avg/recall": 0.7851901267511674, "micro avg/f1-score": 0.7851901267511674, "micro avg/support": 2998, "macro avg/precision": 0.793014652014652, "macro avg/recall": 0.7848053718993553, "macro avg/f1-score": 0.7835874029304686, "macro avg/support": 2998, "weighted avg/precision": 0.7927964381626824, "weighted avg/recall": 0.7851901267511674, "weighted avg/f1-score": 0.783674372440119, "weighted avg/support": 2998, "accuracy": 0.7851901267511674, "roc_auc": 0.8704387098611808, "pr_auc": 0.855264839791869, "conicity_mean": "0.16277683", "conicity_std": "0.038281955"}