{"0/precision": 0.803236797274276, "0/recall": 0.6428084526244036, "0/f1-score": 0.7141234380916319, "0/support": 1467, "1/precision": 0.7125617114646188, "1/recall": 0.8490196078431372, "1/f1-score": 0.774828511780495, "1/support": 1530, "micro avg/precision": 0.7480814147480814, "micro avg/recall": 0.7480814147480814, "micro avg/f1-score": 0.7480814147480814, "micro avg/support": 2997, "macro avg/precision": 0.7578992543694474, "macro avg/recall": 0.7459140302337703, "macro avg/f1-score": 0.7444759749360634, "macro avg/support": 2997, "weighted avg/precision": 0.7569462129270035, "weighted avg/recall": 0.7480814147480814, "weighted avg/f1-score": 0.7451140162511116, "weighted avg/support": 2997, "accuracy": 0.7480814147480814, "roc_auc": 0.8288397022067177, "pr_auc": 0.819880881534041, "conicity_mean": "0.1480494", "conicity_std": "0.04527008"}