{"0/precision": 0.7166064981949458, "0/recall": 0.802020202020202, "0/f1-score": 0.7569113441372736, "0/support": 495, "1/precision": 0.7792792792792793, "1/recall": 0.6878727634194831, "1/f1-score": 0.7307286166842661, "1/support": 503, "micro avg/precision": 0.7444889779559118, "micro avg/recall": 0.7444889779559118, "micro avg/f1-score": 0.7444889779559118, "micro avg/support": 998, "macro avg/precision": 0.7479428887371126, "macro avg/recall": 0.7449464827198425, "macro avg/f1-score": 0.7438199804107699, "macro avg/support": 998, "weighted avg/precision": 0.7481940822484726, "weighted avg/recall": 0.7444889779559118, "weighted avg/f1-score": 0.743715039619375, "weighted avg/support": 998, "accuracy": 0.7444889779559118, "roc_auc": 0.8091933248990903, "pr_auc": 0.8030197540278246, "conicity_mean": "0.53077257", "conicity_std": "0.089714415"}