{"0/precision": 0.7387387387387387, "0/recall": 0.8384458077709611, "0/f1-score": 0.7854406130268199, "0/support": 1467, "1/precision": 0.8220720720720721, "1/recall": 0.7156862745098039, "1/f1-score": 0.7651991614255765, "1/support": 1530, "micro avg/precision": 0.7757757757757757, "micro avg/recall": 0.7757757757757757, "micro avg/f1-score": 0.7757757757757757, "micro avg/support": 2997, "macro avg/precision": 0.7804054054054055, "macro avg/recall": 0.7770660411403825, "macro avg/f1-score": 0.7753198872261982, "macro avg/support": 2997, "weighted avg/precision": 0.7812812812812813, "weighted avg/recall": 0.7757757757757757, "weighted avg/f1-score": 0.7751071392363954, "weighted avg/support": 2997, "accuracy": 0.7757757757757757, "roc_auc": 0.8606350606591194, "pr_auc": 0.861248428546657, "conicity_mean": "0.40698072", "conicity_std": "0.12078928"}