{"0/precision": 0.7276190476190476, "0/recall": 0.7764227642276422, "0/f1-score": 0.7512291052114061, "0/support": 492, "1/precision": 0.7679324894514767, "1/recall": 0.717948717948718, "1/f1-score": 0.7420998980632008, "1/support": 507, "micro avg/precision": 0.7467467467467468, "micro avg/recall": 0.7467467467467468, "micro avg/f1-score": 0.7467467467467468, "micro avg/support": 999, "macro avg/precision": 0.7477757685352622, "macro avg/recall": 0.7471857410881801, "macro avg/f1-score": 0.7466645016373035, "macro avg/support": 999, "weighted avg/precision": 0.7480784220024725, "weighted avg/recall": 0.7467467467467468, "weighted avg/f1-score": 0.7465959640461006, "weighted avg/support": 999, "accuracy": 0.7467467467467468, "roc_auc": 0.8240085951155369, "pr_auc": 0.8446748749866069, "conicity_mean": "0.5075887", "conicity_std": "0.1443073"}