{"0/precision": 0.784, "0/recall": 0.6987522281639929, "0/f1-score": 0.7389255419415646, "0/support": 561, "1/precision": 0.6613226452905812, "1/recall": 0.7534246575342466, "1/f1-score": 0.704375667022412, "1/support": 438, "micro avg/precision": 0.7227227227227228, "micro avg/recall": 0.7227227227227228, "micro avg/f1-score": 0.7227227227227229, "micro avg/support": 999, "macro avg/precision": 0.7226613226452906, "macro avg/recall": 0.7260884428491197, "macro avg/f1-score": 0.7216506044819884, "macro avg/support": 999, "weighted avg/precision": 0.7302135321694441, "weighted avg/recall": 0.7227227227227228, "weighted avg/f1-score": 0.723777548733768, "weighted avg/support": 999, "accuracy": 0.7227227227227228, "roc_auc": 0.7873619352265606, "pr_auc": 0.704037262798243, "conicity_mean": "0.18717572", "conicity_std": "0.044550836"}