{"0/precision": 0.729301233118027, "0/recall": 0.8386225523295071, "0/f1-score": 0.7801507537688442, "0/support": 1481, "1/precision": 0.8154440154440155, "1/recall": 0.6961107448912327, "1/f1-score": 0.7510668563300141, "1/support": 1517, "micro avg/precision": 0.7665110073382255, "micro avg/recall": 0.7665110073382255, "micro avg/f1-score": 0.7665110073382255, "micro avg/support": 2998, "macro avg/precision": 0.7723726242810212, "macro avg/recall": 0.7673666486103699, "macro avg/f1-score": 0.7656088050494292, "macro avg/support": 2998, "weighted avg/precision": 0.7728898257759738, "weighted avg/recall": 0.7665110073382255, "weighted avg/f1-score": 0.7654341852515978, "weighted avg/support": 2998, "accuracy": 0.7665110073382255, "roc_auc": 0.8502285820347117, "pr_auc": 0.8395723489443435, "conicity_mean": "0.15962066", "conicity_std": "0.03991164"}