{"0/precision": 0.7688311688311689, "0/recall": 0.7769028871391076, "0/f1-score": 0.772845953002611, "0/support": 1524, "1/precision": 0.7669636737491432, "1/recall": 0.7586440677966102, "1/f1-score": 0.7627811860940695, "1/support": 1475, "micro avg/precision": 0.7679226408802934, "micro avg/recall": 0.7679226408802934, "micro avg/f1-score": 0.7679226408802934, "micro avg/support": 2999, "macro avg/precision": 0.767897421290156, "macro avg/recall": 0.7677734774678588, "macro avg/f1-score": 0.7678135695483403, "macro avg/support": 2999, "weighted avg/precision": 0.7679126775854244, "weighted avg/recall": 0.7679226408802934, "weighted avg/f1-score": 0.7678957925524281, "weighted avg/support": 2999, "accuracy": 0.7679226408802934, "roc_auc": 0.8340473330664177, "pr_auc": 0.8234798949828369, "conicity_mean": "0.17418566", "conicity_std": "0.040662706"}