{"0/precision": 0.7775689223057645, "0/recall": 0.8317694369973191, "0/f1-score": 0.803756476683938, "0/support": 1492, "1/precision": 0.8209700427960057, "1/recall": 0.7642762284196547, "1/f1-score": 0.7916093535075654, "1/support": 1506, "micro avg/precision": 0.7978652434956638, "micro avg/recall": 0.7978652434956638, "micro avg/f1-score": 0.7978652434956638, "micro avg/support": 2998, "macro avg/precision": 0.799269482550885, "macro avg/recall": 0.7980228327084868, "macro avg/f1-score": 0.7976829150957517, "macro avg/support": 2998, "weighted avg/precision": 0.7993708193899217, "weighted avg/recall": 0.7978652434956638, "weighted avg/f1-score": 0.7976545529002098, "weighted avg/support": 2998, "accuracy": 0.7978652434956638, "roc_auc": 0.8751143771651553, "pr_auc": 0.857825117812997, "conicity_mean": "0.1762938", "conicity_std": "0.03809952"}