{"0/precision": 0.7908496732026143, "0/recall": 0.7642105263157895, "0/f1-score": 0.7773019271948608, "0/support": 475, "1/precision": 0.7925925925925926, "1/recall": 0.816793893129771, "1/f1-score": 0.8045112781954887, "1/support": 524, "micro avg/precision": 0.7917917917917918, "micro avg/recall": 0.7917917917917918, "micro avg/f1-score": 0.7917917917917918, "micro avg/support": 999, "macro avg/precision": 0.7917211328976035, "macro avg/recall": 0.7905022097227803, "macro avg/f1-score": 0.7909066026951748, "macro avg/support": 999, "weighted avg/precision": 0.7917638771669273, "weighted avg/recall": 0.7917917917917918, "weighted avg/f1-score": 0.791573899091086, "weighted avg/support": 999, "accuracy": 0.7917917917917918, "roc_auc": 0.8626797910807553, "pr_auc": 0.8834331539566673, "conicity_mean": "0.5252174", "conicity_std": "0.12177054"}