{"0/precision": 0.8282442748091603, "0/recall": 0.7736185383244206, "0/f1-score": 0.7999999999999998, "0/support": 561, "1/precision": 0.7326315789473684, "1/recall": 0.7945205479452054, "1/f1-score": 0.7623220153340635, "1/support": 438, "micro avg/precision": 0.7827827827827828, "micro avg/recall": 0.7827827827827828, "micro avg/f1-score": 0.7827827827827828, "micro avg/support": 999, "macro avg/precision": 0.7804379268782644, "macro avg/recall": 0.784069543134813, "macro avg/f1-score": 0.7811610076670317, "macro avg/support": 999, "weighted avg/precision": 0.7863239937406269, "weighted avg/recall": 0.7827827827827828, "weighted avg/f1-score": 0.7834805232395593, "weighted avg/support": 999, "accuracy": 0.7827827827827828, "roc_auc": 0.8581015635810156, "pr_auc": 0.8248745061674874, "conicity_mean": "0.48752463", "conicity_std": "0.12913297"}