{"0/precision": 0.7859673990077959, "0/recall": 0.7488183659689399, "0/f1-score": 0.7669432918395575, "0/support": 1481, "1/precision": 0.7655954631379962, "1/recall": 0.8009228740936059, "1/f1-score": 0.782860824742268, "1/support": 1517, "micro avg/precision": 0.7751834556370913, "micro avg/recall": 0.7751834556370913, "micro avg/f1-score": 0.7751834556370912, "micro avg/support": 2998, "macro avg/precision": 0.7757814310728961, "macro avg/recall": 0.7748706200312729, "macro avg/f1-score": 0.7749020582909127, "macro avg/support": 2998, "weighted avg/precision": 0.7756591179155725, "weighted avg/recall": 0.7751834556370913, "weighted avg/f1-score": 0.7749976272009358, "weighted avg/support": 2998, "accuracy": 0.7751834556370913, "roc_auc": 0.8539834609069306, "pr_auc": 0.8448292243467312, "conicity_mean": "0.16926487", "conicity_std": "0.03808943"}