{"0/precision": 0.7468982630272953, "0/recall": 0.6336842105263157, "0/f1-score": 0.6856492027334852, "0/support": 475, "1/precision": 0.7080536912751678, "1/recall": 0.8053435114503816, "1/f1-score": 0.7535714285714284, "1/support": 524, "micro avg/precision": 0.7237237237237237, "micro avg/recall": 0.7237237237237237, "micro avg/f1-score": 0.7237237237237237, "micro avg/support": 999, "macro avg/precision": 0.7274759771512316, "macro avg/recall": 0.7195138609883487, "macro avg/f1-score": 0.7196103156524568, "macro avg/support": 999, "weighted avg/precision": 0.7265233324986519, "weighted avg/recall": 0.7237237237237237, "weighted avg/f1-score": 0.7212760759457797, "weighted avg/support": 999, "accuracy": 0.7237237237237237, "roc_auc": 0.8033427079148253, "pr_auc": 0.8156729733270266, "conicity_mean": "0.14984746", "conicity_std": "0.04579032"}