{"0/precision": 0.7073170731707317, "0/recall": 0.766260162601626, "0/f1-score": 0.7356097560975609, "0/support": 492, "1/precision": 0.7532188841201717, "1/recall": 0.6923076923076923, "1/f1-score": 0.7214799588900308, "1/support": 507, "micro avg/precision": 0.7287287287287287, "micro avg/recall": 0.7287287287287287, "micro avg/f1-score": 0.7287287287287287, "micro avg/support": 999, "macro avg/precision": 0.7302679786454517, "macro avg/recall": 0.7292839274546592, "macro avg/f1-score": 0.7285448574937958, "macro avg/support": 999, "weighted avg/precision": 0.7306125868357628, "weighted avg/recall": 0.7287287287287287, "weighted avg/f1-score": 0.7284387779351807, "weighted avg/support": 999, "accuracy": 0.7287287287287287, "roc_auc": 0.79244239187954, "pr_auc": 0.7779902104336698, "conicity_mean": "0.1652322", "conicity_std": "0.038002856"}