{"0/precision": 0.717479674796748, "0/recall": 0.7431578947368421, "0/f1-score": 0.7300930713547052, "0/support": 475, "1/precision": 0.7593688362919132, "1/recall": 0.7347328244274809, "1/f1-score": 0.7468477206595538, "1/support": 524, "micro avg/precision": 0.7387387387387387, "micro avg/recall": 0.7387387387387387, "micro avg/f1-score": 0.7387387387387387, "micro avg/support": 999, "macro avg/precision": 0.7384242555443306, "macro avg/recall": 0.7389453595821616, "macro avg/f1-score": 0.7384703960071295, "macro avg/support": 999, "weighted avg/precision": 0.7394515673127305, "weighted avg/recall": 0.7387387387387387, "weighted avg/f1-score": 0.7388812958149062, "weighted avg/support": 999, "accuracy": 0.7387387387387387, "roc_auc": 0.8094053836882282, "pr_auc": 0.8154376948133961, "conicity_mean": "0.19425648", "conicity_std": "0.041196447"}