{"0/precision": 0.8097251585623678, "0/recall": 0.7758271438217421, "0/f1-score": 0.7924137931034482, "0/support": 1481, "1/precision": 0.7897403419886003, "1/recall": 0.8220171390903098, "1/f1-score": 0.8055555555555555, "1/support": 1517, "micro avg/precision": 0.7991994663108739, "micro avg/recall": 0.7991994663108739, "micro avg/f1-score": 0.7991994663108739, "micro avg/support": 2998, "macro avg/precision": 0.7997327502754841, "macro avg/recall": 0.7989221414560259, "macro avg/f1-score": 0.7989846743295018, "macro avg/support": 2998, "weighted avg/precision": 0.7996127613834467, "weighted avg/recall": 0.7991994663108739, "weighted avg/f1-score": 0.7990635775063323, "weighted avg/support": 2998, "accuracy": 0.7991994663108739, "roc_auc": 0.8785517455335146, "pr_auc": 0.8779505940560858, "conicity_mean": "0.44999075", "conicity_std": "0.12737273"}