{"0/precision": 0.7819354838709678, "0/recall": 0.7952755905511811, "0/f1-score": 0.7885491216655823, "0/support": 1524, "1/precision": 0.7846790890269151, "1/recall": 0.7708474576271186, "1/f1-score": 0.7777017783857728, "1/support": 1475, "micro avg/precision": 0.7832610870290097, "micro avg/recall": 0.7832610870290097, "micro avg/f1-score": 0.7832610870290097, "micro avg/support": 2999, "macro avg/precision": 0.7833072864489414, "macro avg/recall": 0.7830615240891499, "macro avg/f1-score": 0.7831254500256776, "macro avg/support": 2999, "weighted avg/precision": 0.7832848728689746, "weighted avg/recall": 0.7832610870290097, "weighted avg/f1-score": 0.7832140662011878, "weighted avg/support": 2999, "accuracy": 0.7832610870290097, "roc_auc": 0.8596298767738778, "pr_auc": 0.8499420040390304, "conicity_mean": "0.17032108", "conicity_std": "0.039054696"}