{"0/precision": 0.8241017964071856, "0/recall": 0.7434166103983795, "0/f1-score": 0.7816826411075614, "0/support": 1481, "1/precision": 0.7713598074608905, "1/recall": 0.8450889914304548, "1/f1-score": 0.8065429380308273, "1/support": 1517, "micro avg/precision": 0.794863242161441, "micro avg/recall": 0.794863242161441, "micro avg/f1-score": 0.794863242161441, "micro avg/support": 2998, "macro avg/precision": 0.7977308019340381, "macro avg/recall": 0.7942528009144172, "macro avg/f1-score": 0.7941127895691944, "macro avg/support": 2998, "weighted avg/precision": 0.7974141388916652, "weighted avg/recall": 0.794863242161441, "weighted avg/f1-score": 0.7942620508582601, "weighted avg/support": 2998, "accuracy": 0.794863242161441, "roc_auc": 0.8831656708997333, "pr_auc": 0.8861490847523379, "conicity_mean": "0.4182199", "conicity_std": "0.11598783"}