{"0/precision": 0.7627494456762749, "0/recall": 0.6991869918699187, "0/f1-score": 0.7295864262990457, "0/support": 492, "1/precision": 0.7299270072992701, "1/recall": 0.7889546351084813, "1/f1-score": 0.7582938388625593, "1/support": 507, "micro avg/precision": 0.7447447447447447, "micro avg/recall": 0.7447447447447447, "micro avg/f1-score": 0.7447447447447447, "micro avg/support": 999, "macro avg/precision": 0.7463382264877725, "macro avg/recall": 0.7440708134892, "macro avg/f1-score": 0.7439401325808025, "macro avg/support": 999, "weighted avg/precision": 0.7460918117852423, "weighted avg/recall": 0.7447447447447447, "weighted avg/f1-score": 0.7441556536961442, "weighted avg/support": 999, "accuracy": 0.7447447447447447, "roc_auc": 0.8231627138756595, "pr_auc": 0.8290560379276644, "conicity_mean": "0.5280409", "conicity_std": "0.12671061"}