{"0/precision": 0.7889509621353197, "0/recall": 0.8518766756032171, "0/f1-score": 0.8192072188204962, "0/support": 1492, "1/precision": 0.8406633020908435, "1/recall": 0.7742363877822045, "1/f1-score": 0.8060836501901141, "1/support": 1506, "micro avg/precision": 0.8128752501667779, "micro avg/recall": 0.8128752501667779, "micro avg/f1-score": 0.8128752501667779, "micro avg/support": 2998, "macro avg/precision": 0.8148071321130816, "macro avg/recall": 0.8130565316927107, "macro avg/f1-score": 0.8126454345053051, "macro avg/support": 2998, "weighted avg/precision": 0.8149278747347256, "weighted avg/recall": 0.8128752501667779, "weighted avg/f1-score": 0.8126147924171088, "weighted avg/support": 2998, "accuracy": 0.8128752501667779, "roc_auc": 0.8960832274120677, "pr_auc": 0.8860595794977297, "conicity_mean": "0.49027005", "conicity_std": "0.11929088"}