{"0/precision": 0.7134935304990758, "0/recall": 0.7797979797979798, "0/f1-score": 0.7451737451737452, "0/support": 495, "1/precision": 0.7614879649890591, "1/recall": 0.6918489065606361, "1/f1-score": 0.725, "1/support": 503, "micro avg/precision": 0.7354709418837675, "micro avg/recall": 0.7354709418837675, "micro avg/f1-score": 0.7354709418837676, "micro avg/support": 998, "macro avg/precision": 0.7374907477440675, "macro avg/recall": 0.735823443179308, "macro avg/f1-score": 0.7350868725868727, "macro avg/support": 998, "weighted avg/precision": 0.7376831102069532, "weighted avg/recall": 0.7354709418837675, "weighted avg/f1-score": 0.7350060158927895, "weighted avg/support": 998, "accuracy": 0.7354709418837675, "roc_auc": 0.8117557282567223, "pr_auc": 0.7949276564462513, "conicity_mean": "0.1586018", "conicity_std": "0.038763493"}