{"0/precision": 0.729776247848537, "0/recall": 0.8588791357191087, "0/f1-score": 0.7890818858560794, "0/support": 1481, "1/precision": 0.8334661354581673, "1/recall": 0.6895187870797627, "1/f1-score": 0.7546897546897546, "1/support": 1517, "micro avg/precision": 0.7731821214142762, "micro avg/recall": 0.7731821214142762, "micro avg/f1-score": 0.7731821214142763, "micro avg/support": 2998, "macro avg/precision": 0.7816211916533522, "macro avg/recall": 0.7741989613994357, "macro avg/f1-score": 0.7718858202729171, "macro avg/support": 2998, "weighted avg/precision": 0.7822437460152513, "weighted avg/recall": 0.7731821214142762, "weighted avg/f1-score": 0.7716793298256208, "weighted avg/support": 2998, "accuracy": 0.7731821214142762, "roc_auc": 0.8564884938956512, "pr_auc": 0.849423682535611, "conicity_mean": "0.16560589", "conicity_std": "0.043281738"}