{"0/precision": 0.7481296758104738, "0/recall": 0.7874015748031497, "0/f1-score": 0.7672634271099745, "0/support": 1524, "1/precision": 0.7677419354838709, "1/recall": 0.7261016949152542, "1/f1-score": 0.7463414634146341, "1/support": 1475, "micro avg/precision": 0.7572524174724908, "micro avg/recall": 0.7572524174724908, "micro avg/f1-score": 0.7572524174724908, "micro avg/support": 2999, "macro avg/precision": 0.7579358056471723, "macro avg/recall": 0.7567516348592019, "macro avg/f1-score": 0.7568024452623043, "macro avg/support": 2999, "weighted avg/precision": 0.7577755854531083, "weighted avg/recall": 0.7572524174724908, "weighted avg/f1-score": 0.7569733649390419, "weighted avg/support": 2999, "accuracy": 0.7572524174724908, "roc_auc": 0.8333213221228702, "pr_auc": 0.826536158673459, "conicity_mean": "0.1493841", "conicity_std": "0.050570697"}