{"0/precision": 0.6820866141732284, "0/recall": 0.9358541525995948, "0/f1-score": 0.7890691716481639, "0/support": 1481, "1/precision": 0.901656314699793, "1/recall": 0.5741595253790376, "1/f1-score": 0.7015706806282722, "1/support": 1517, "micro avg/precision": 0.7528352234823216, "micro avg/recall": 0.7528352234823216, "micro avg/f1-score": 0.7528352234823216, "micro avg/support": 2998, "macro avg/precision": 0.7918714644365107, "macro avg/recall": 0.7550068389893162, "macro avg/f1-score": 0.7453199261382181, "macro avg/support": 2998, "weighted avg/precision": 0.793189761504382, "weighted avg/recall": 0.7528352234823216, "weighted avg/f1-score": 0.7447945849646496, "weighted avg/support": 2998, "accuracy": 0.7528352234823216, "roc_auc": 0.8834701205380214, "pr_auc": 0.8791940745870975, "conicity_mean": "0.38851812", "conicity_std": "0.12258059"}