{"0/precision": 0.7465753424657534, "0/recall": 0.6606060606060606, "0/f1-score": 0.7009646302250804, "0/support": 495, "1/precision": 0.7, "1/recall": 0.7793240556660039, "1/f1-score": 0.7375352775164628, "1/support": 503, "micro avg/precision": 0.720440881763527, "micro avg/recall": 0.720440881763527, "micro avg/f1-score": 0.720440881763527, "micro avg/support": 998, "macro avg/precision": 0.7232876712328766, "macro avg/recall": 0.7199650581360323, "macro avg/f1-score": 0.7192499538707715, "macro avg/support": 998, "weighted avg/precision": 0.7231009965135751, "weighted avg/recall": 0.720440881763527, "weighted avg/f1-score": 0.7193965296114184, "weighted avg/support": 998, "accuracy": 0.720440881763527, "roc_auc": 0.7747494829005763, "pr_auc": 0.7320276784510565, "conicity_mean": "0.1414524", "conicity_std": "0.047994677"}