{"0/precision": 0.6842948717948718, "0/recall": 0.8732106339468303, "0/f1-score": 0.7672955974842768, "0/support": 1467, "1/precision": 0.8346666666666667, "1/recall": 0.6137254901960785, "1/f1-score": 0.7073446327683617, "1/support": 1530, "micro avg/precision": 0.7407407407407407, "micro avg/recall": 0.7407407407407407, "micro avg/f1-score": 0.7407407407407407, "micro avg/support": 2997, "macro avg/precision": 0.7594807692307692, "macro avg/recall": 0.7434680620714544, "macro avg/f1-score": 0.7373201151263192, "macro avg/support": 2997, "weighted avg/precision": 0.7610612535612536, "weighted avg/recall": 0.7407407407407407, "weighted avg/f1-score": 0.7366899998815574, "weighted avg/support": 2997, "accuracy": 0.7407407407407407, "roc_auc": 0.8435582822085889, "pr_auc": 0.835305159523664, "conicity_mean": "0.15466462", "conicity_std": "0.051524848"}