,mean,std
Overall,0.8278698921203613,0.23493024706840515
