,mean,std
Overall,0.2135434884428978,0.10376865559594793
