,mean,std
Overall,0.035989366471767426,0.030328817665576935
