,mean,std
Overall,0.8551962971687317,0.141451895236969
