,mean,std
Overall,0.1885852000042796,0.06730119151122854
