,mean,std
Overall,0.03449872508645058,0.024007977917790413
