{"0/precision": 0.7982300884955752, "0/recall": 0.803921568627451, "0/f1-score": 0.8010657193605683, "0/support": 561, "1/precision": 0.7465437788018433, "1/recall": 0.7397260273972602, "1/f1-score": 0.7431192660550459, "1/support": 438, "micro avg/precision": 0.7757757757757757, "micro avg/recall": 0.7757757757757757, "micro avg/f1-score": 0.7757757757757757, "micro avg/support": 999, "macro avg/precision": 0.7723869336487093, "macro avg/recall": 0.7718237980123557, "macro avg/f1-score": 0.772092492707807, "macro avg/support": 999, "weighted avg/precision": 0.7755688235848098, "weighted avg/recall": 0.7757757757757757, "weighted avg/f1-score": 0.7756597668602491, "weighted avg/support": 999, "accuracy": 0.7757757757757757, "roc_auc": 0.8427628419570402, "pr_auc": 0.792390574450658, "conicity_mean": "0.18412058", "conicity_std": "0.041550875"}