{"0/precision": 0.7159590043923866, "0/recall": 0.8716577540106952, "0/f1-score": 0.7861736334405145, "0/support": 561, "1/precision": 0.7721518987341772, "1/recall": 0.5570776255707762, "1/f1-score": 0.6472148541114058, "1/support": 438, "micro avg/precision": 0.7337337337337337, "micro avg/recall": 0.7337337337337337, "micro avg/f1-score": 0.7337337337337337, "micro avg/support": 999, "macro avg/precision": 0.7440554515632819, "macro avg/recall": 0.7143676897907357, "macro avg/f1-score": 0.7166942437759601, "macro avg/support": 999, "weighted avg/precision": 0.7405961292389375, "weighted avg/recall": 0.7337337337337337, "weighted avg/f1-score": 0.7252487632241486, "weighted avg/support": 999, "accuracy": 0.7337337337337337, "roc_auc": 0.8151987237402225, "pr_auc": 0.7572218215944071, "conicity_mean": "0.1938428", "conicity_std": "0.042294458"}