{"0/precision": 0.7268993839835729, "0/recall": 0.7151515151515152, "0/f1-score": 0.7209775967413442, "0/support": 495, "1/precision": 0.7240704500978473, "1/recall": 0.73558648111332, "1/f1-score": 0.7297830374753452, "1/support": 503, "micro avg/precision": 0.7254509018036072, "micro avg/recall": 0.7254509018036072, "micro avg/f1-score": 0.7254509018036073, "micro avg/support": 998, "macro avg/precision": 0.72548491704071, "macro avg/recall": 0.7253689981324176, "macro avg/f1-score": 0.7253803171083447, "macro avg/support": 998, "weighted avg/precision": 0.7254735786283425, "weighted avg/recall": 0.7254509018036072, "weighted avg/f1-score": 0.7254156094559759, "weighted avg/support": 998, "accuracy": 0.7254509018036072, "roc_auc": 0.7941040624937246, "pr_auc": 0.7699964536289688, "conicity_mean": "0.6132064", "conicity_std": "0.10258081"}