{"0/precision": 0.7636054421768708, "0/recall": 0.8003565062388592, "0/f1-score": 0.7815491731940819, "0/support": 561, "1/precision": 0.7274939172749392, "1/recall": 0.682648401826484, "1/f1-score": 0.7043580683156656, "1/support": 438, "micro avg/precision": 0.7487487487487487, "micro avg/recall": 0.7487487487487487, "micro avg/f1-score": 0.7487487487487487, "micro avg/support": 999, "macro avg/precision": 0.7455496797259049, "macro avg/recall": 0.7415024540326716, "macro avg/f1-score": 0.7429536207548737, "macro avg/support": 999, "weighted avg/precision": 0.747772761589237, "weighted avg/recall": 0.7487487487487487, "weighted avg/f1-score": 0.7477056257098513, "weighted avg/support": 999, "accuracy": 0.7487487487487487, "roc_auc": 0.8235538300002442, "pr_auc": 0.7756713991438235, "conicity_mean": "0.16680016", "conicity_std": "0.06062231"}