{"0/precision": 0.8073170731707318, "0/recall": 0.6968421052631579, "0/f1-score": 0.7480225988700566, "0/support": 475, "1/precision": 0.7555178268251274, "1/recall": 0.8492366412213741, "1/f1-score": 0.7996406109613657, "1/support": 524, "micro avg/precision": 0.7767767767767768, "micro avg/recall": 0.7767767767767768, "micro avg/f1-score": 0.7767767767767768, "micro avg/support": 999, "macro avg/precision": 0.7814174499979296, "macro avg/recall": 0.773039373242266, "macro avg/f1-score": 0.7738316049157112, "macro avg/support": 999, "weighted avg/precision": 0.7801470981105749, "weighted avg/recall": 0.7767767767767768, "weighted avg/f1-score": 0.7750975121191517, "weighted avg/support": 999, "accuracy": 0.7767767767767768, "roc_auc": 0.8658939333065487, "pr_auc": 0.8853330959384416, "conicity_mean": "0.5095592", "conicity_std": "0.13326848"}