{"0/precision": 0.745005875440658, "0/recall": 0.8561782579338285, "0/f1-score": 0.7967326421614829, "0/support": 1481, "1/precision": 0.8356481481481481, "1/recall": 0.7139090309822017, "1/f1-score": 0.769996445076431, "1/support": 1517, "micro avg/precision": 0.7841894596397598, "micro avg/recall": 0.7841894596397598, "micro avg/f1-score": 0.7841894596397598, "micro avg/support": 2998, "macro avg/precision": 0.790327011794403, "macro avg/recall": 0.7850436444580151, "macro avg/f1-score": 0.7833645436189569, "macro avg/support": 2998, "weighted avg/precision": 0.7908712282416128, "weighted avg/recall": 0.7841894596397598, "weighted avg/f1-score": 0.7832040194203143, "weighted avg/support": 2998, "accuracy": 0.7841894596397598, "roc_auc": 0.8655743571505828, "pr_auc": 0.8575637460745493, "conicity_mean": "0.17540364", "conicity_std": "0.03893715"}