{"0/precision": 0.7900990099009901, "0/recall": 0.7112299465240641, "0/f1-score": 0.7485928705440901, "0/support": 561, "1/precision": 0.6720647773279352, "1/recall": 0.7579908675799086, "1/f1-score": 0.7124463519313304, "1/support": 438, "micro avg/precision": 0.7317317317317318, "micro avg/recall": 0.7317317317317318, "micro avg/f1-score": 0.7317317317317317, "micro avg/support": 999, "macro avg/precision": 0.7310818936144627, "macro avg/recall": 0.7346104070519863, "macro avg/f1-score": 0.7305196112377103, "macro avg/support": 999, "weighted avg/precision": 0.7383482652893806, "weighted avg/recall": 0.7317317317317318, "weighted avg/f1-score": 0.7327448473685257, "weighted avg/support": 999, "accuracy": 0.7317317317317318, "roc_auc": 0.8241032402998559, "pr_auc": 0.7874815640498005, "conicity_mean": "0.530025", "conicity_std": "0.13318141"}