{"0/precision": 0.7734274711168164, "0/recall": 0.8214042263122018, "0/f1-score": 0.7966942148760331, "0/support": 1467, "1/precision": 0.8179291174426685, "1/recall": 0.769281045751634, "1/f1-score": 0.7928595486695857, "1/support": 1530, "micro avg/precision": 0.7947947947947948, "micro avg/recall": 0.7947947947947948, "micro avg/f1-score": 0.7947947947947946, "micro avg/support": 2997, "macro avg/precision": 0.7956782942797425, "macro avg/recall": 0.7953426360319179, "macro avg/f1-score": 0.7947768817728094, "macro avg/support": 2997, "weighted avg/precision": 0.7961460293011854, "weighted avg/recall": 0.7947947947947948, "weighted avg/f1-score": 0.7947365774733423, "weighted avg/support": 2997, "accuracy": 0.7947947947947948, "roc_auc": 0.8710342123670646, "pr_auc": 0.8719434377992669, "conicity_mean": "0.42164797", "conicity_std": "0.12758142"}