{"0/precision": 0.8247206703910615, "0/recall": 0.7915549597855228, "0/f1-score": 0.8077975376196991, "0/support": 1492, "1/precision": 0.801404853128991, "1/recall": 0.8333333333333334, "1/f1-score": 0.8170572916666666, "1/support": 1506, "micro avg/precision": 0.8125416944629753, "micro avg/recall": 0.8125416944629753, "micro avg/f1-score": 0.8125416944629753, "micro avg/support": 2998, "macro avg/precision": 0.8130627617600262, "macro avg/recall": 0.8124441465594281, "macro avg/f1-score": 0.8124274146431829, "macro avg/support": 2998, "weighted avg/precision": 0.8130083218931703, "weighted avg/recall": 0.8125416944629753, "weighted avg/f1-score": 0.8124490351496301, "weighted avg/support": 2998, "accuracy": 0.8125416944629753, "roc_auc": 0.8950413716002833, "pr_auc": 0.8840863858661596, "conicity_mean": "0.46084234", "conicity_std": "0.1215327"}