,mean,std
Overall,0.024977682158350945,0.017679838463664055
