,mean,std
Overall,0.26586291193962097,0.24530713260173798
