,mean,std
Overall,0.5149378343224525,0.08543461475742281
