,mean,std
Overall,0.4130571152195334,0.09254575461577098
