,mean,std
Overall,0.6022694706916809,0.26224157214164734
