,mean,std
Overall,0.022241607308387756,0.017189443111419678
