{"0/precision": 0.7572559366754618, "0/recall": 0.6042105263157894, "0/f1-score": 0.6721311475409836, "0/support": 475, "1/precision": 0.6967741935483871, "1/recall": 0.8244274809160306, "1/f1-score": 0.7552447552447553, "1/support": 524, "micro avg/precision": 0.7197197197197197, "micro avg/recall": 0.7197197197197197, "micro avg/f1-score": 0.7197197197197197, "micro avg/support": 999, "macro avg/precision": 0.7270150651119245, "macro avg/recall": 0.7143190036159099, "macro avg/f1-score": 0.7136879513928694, "macro avg/support": 999, "weighted avg/precision": 0.7255317791193185, "weighted avg/recall": 0.7197197197197197, "weighted avg/f1-score": 0.7157262731033224, "weighted avg/support": 999, "accuracy": 0.7197197197197197, "roc_auc": 0.8013700281237444, "pr_auc": 0.8119240630778276, "conicity_mean": "0.15208489", "conicity_std": "0.04399081"}