,mean,std
Overall,0.11433931967802345,0.05548471540505892
