,mean,std
Overall,0.9629404544830322,0.0676225796341896
