,mean,std
Overall,0.20716138929687442,0.09595502361184771
