,mean,std
Overall,0.021215902641415596,0.015580457635223866
