,mean,std
Overall,0.03360028192400932,0.022258717566728592
