,mean,std
Overall,0.8411058783531189,0.21952301263809204
