,mean,std
0,0.9038055539131165,0.14211365580558777
1,0.9424495100975037,0.11916940659284592
Overall,0.9229652285575867,0.13265490531921387
