,mean,std
0,0.012287983670830727,0.016231296584010124
1,0.010147202759981155,0.014153612777590752
Overall,0.011226586997509003,0.015274187549948692
