,mean,std
0,0.9165924191474915,0.11481235176324844
1,0.8374131917953491,0.16957096755504608
Overall,0.8773355484008789,0.14989961683750153
