,mean,std
0,0.13422008074638953,0.08938539348643676
1,0.09887059095005195,0.06098377465544356
Overall,0.11669386311627257,0.07864288557323408
