,mean,std
0,0.009322812780737877,0.012029222212731838
1,0.011512838304042816,0.015323999337852001
Overall,0.01040862500667572,0.013805211521685123
