,mean,std
0,0.09652273874833352,0.05658405881504841
1,0.12654094274897695,0.07685805691309075
Overall,0.11140571384108952,0.06905322800809642
