{"0/precision": 0.9222222222222223, "0/recall": 0.9273743016759777, "0/f1-score": 0.924791086350975, "0/support": 179, "1/precision": 0.9265536723163842, "1/recall": 0.9213483146067416, "1/f1-score": 0.9239436619718311, "1/support": 178, "micro avg/precision": 0.9243697478991597, "micro avg/recall": 0.9243697478991597, "micro avg/f1-score": 0.9243697478991597, "micro avg/support": 357, "macro avg/precision": 0.9243879472693033, "macro avg/recall": 0.9243613081413596, "macro avg/f1-score": 0.924367374161403, "macro avg/support": 357, "weighted avg/precision": 0.9243818808125885, "weighted avg/recall": 0.9243697478991597, "weighted avg/f1-score": 0.9243685610302813, "weighted avg/support": 357, "accuracy": 0.9243697478991597, "roc_auc": 0.9771200803464943, "pr_auc": 0.9793387500692926, "conicity_mean": "0.13484477", "conicity_std": "0.041257005"}