{"0/precision": 0.8578947368421053, "0/recall": 0.9106145251396648, "0/f1-score": 0.8834688346883469, "0/support": 179, "1/precision": 0.9041916167664671, "1/recall": 0.848314606741573, "1/f1-score": 0.8753623188405797, "1/support": 178, "micro avg/precision": 0.8795518207282913, "micro avg/recall": 0.8795518207282913, "micro avg/f1-score": 0.8795518207282913, "micro avg/support": 357, "macro avg/precision": 0.8810431768042861, "macro avg/recall": 0.8794645659406188, "macro avg/f1-score": 0.8794155767644634, "macro avg/support": 357, "weighted avg/precision": 0.8809783352357646, "weighted avg/recall": 0.8795518207282913, "weighted avg/f1-score": 0.8794269304281157, "weighted avg/support": 357, "accuracy": 0.8795518207282913, "roc_auc": 0.9639068482832214, "pr_auc": 0.9676755299313549}