{"0/precision": 0.78507871321013, "0/recall": 0.7687667560321716, "0/f1-score": 0.7768371147985099, "0/support": 1492, "1/precision": 0.7755367599219258, "1/recall": 0.7915006640106241, "1/f1-score": 0.7834373973052908, "1/support": 1506, "micro avg/precision": 0.7801867911941294, "micro avg/recall": 0.7801867911941294, "micro avg/f1-score": 0.7801867911941294, "micro avg/support": 2998, "macro avg/precision": 0.7803077365660279, "macro avg/recall": 0.7801337100213979, "macro avg/f1-score": 0.7801372560519004, "macro avg/support": 2998, "weighted avg/precision": 0.780285457155415, "weighted avg/recall": 0.7801867911941294, "weighted avg/f1-score": 0.7801526669850384, "weighted avg/support": 2998, "accuracy": 0.7801867911941294, "roc_auc": 0.8652797211511416, "pr_auc": 0.8511584657292612, "conicity_mean": "0.14345747", "conicity_std": "0.049673416"}