{"0/precision": 0.7014652014652014, "0/recall": 0.7737373737373737, "0/f1-score": 0.7358309317963496, "0/support": 495, "1/precision": 0.7522123893805309, "1/recall": 0.6759443339960238, "1/f1-score": 0.712041884816754, "1/support": 503, "micro avg/precision": 0.7244488977955912, "micro avg/recall": 0.7244488977955912, "micro avg/f1-score": 0.7244488977955912, "micro avg/support": 998, "macro avg/precision": 0.7268387954228661, "macro avg/recall": 0.7248408538666988, "macro avg/f1-score": 0.7239364083065518, "macro avg/support": 998, "weighted avg/precision": 0.7270421909656131, "weighted avg/recall": 0.7244488977955912, "weighted avg/f1-score": 0.72384106142487, "weighted avg/support": 998, "accuracy": 0.7244488977955912, "roc_auc": 0.7959314818161737, "pr_auc": 0.7830141650567634, "conicity_mean": "0.14254956", "conicity_std": "0.047865443"}