{"0/precision": 0.7650727650727651, "0/recall": 0.7479674796747967, "0/f1-score": 0.7564234326824254, "0/support": 492, "1/precision": 0.7606177606177607, "1/recall": 0.777120315581854, "1/f1-score": 0.7687804878048782, "1/support": 507, "micro avg/precision": 0.7627627627627628, "micro avg/recall": 0.7627627627627628, "micro avg/f1-score": 0.7627627627627628, "micro avg/support": 999, "macro avg/precision": 0.7628452628452629, "macro avg/recall": 0.7625438976283254, "macro avg/f1-score": 0.7626019602436518, "macro avg/support": 999, "weighted avg/precision": 0.7628118168658709, "weighted avg/recall": 0.7627627627627628, "weighted avg/f1-score": 0.7626947309277543, "weighted avg/support": 999, "accuracy": 0.7627627627627628, "roc_auc": 0.8412629688427063, "pr_auc": 0.8439528850810749, "conicity_mean": "0.5048763", "conicity_std": "0.1212468"}