{"0/precision": 0.7354838709677419, "0/recall": 0.6909090909090909, "0/f1-score": 0.7125000000000001, "0/support": 495, "1/precision": 0.7129455909943715, "1/recall": 0.7554671968190855, "1/f1-score": 0.7335907335907337, "1/support": 503, "micro avg/precision": 0.7234468937875751, "micro avg/recall": 0.7234468937875751, "micro avg/f1-score": 0.7234468937875752, "micro avg/support": 998, "macro avg/precision": 0.7242147309810567, "macro avg/recall": 0.7231881438640881, "macro avg/f1-score": 0.7230453667953669, "macro avg/support": 998, "weighted avg/precision": 0.7241243971935883, "weighted avg/recall": 0.7234468937875751, "weighted avg/f1-score": 0.7231298987937265, "weighted avg/support": 998, "accuracy": 0.7234468937875751, "roc_auc": 0.7935337470128724, "pr_auc": 0.7652088916451871, "conicity_mean": "0.14554673", "conicity_std": "0.048370924"}