{"0/precision": 0.7736185383244206, "0/recall": 0.7736185383244206, "0/f1-score": 0.7736185383244205, "0/support": 561, "1/precision": 0.7100456621004566, "1/recall": 0.7100456621004566, "1/f1-score": 0.7100456621004566, "1/support": 438, "micro avg/precision": 0.7457457457457457, "micro avg/recall": 0.7457457457457457, "micro avg/f1-score": 0.7457457457457457, "micro avg/support": 999, "macro avg/precision": 0.7418321002124386, "macro avg/recall": 0.7418321002124386, "macro avg/f1-score": 0.7418321002124386, "macro avg/support": 999, "weighted avg/precision": 0.7457457457457457, "weighted avg/recall": 0.7457457457457457, "weighted avg/f1-score": 0.7457457457457456, "weighted avg/support": 999, "accuracy": 0.7457457457457457, "roc_auc": 0.8139574634336924, "pr_auc": 0.7441571209811628, "conicity_mean": "0.18767372", "conicity_std": "0.040274184"}