{"0/precision": 0.6683937823834197, "0/recall": 0.7865853658536586, "0/f1-score": 0.7226890756302521, "0/support": 492, "1/precision": 0.75, "1/recall": 0.621301775147929, "1/f1-score": 0.6796116504854369, "1/support": 507, "micro avg/precision": 0.7027027027027027, "micro avg/recall": 0.7027027027027027, "micro avg/f1-score": 0.7027027027027027, "micro avg/support": 999, "macro avg/precision": 0.7091968911917099, "macro avg/recall": 0.7039435705007937, "macro avg/f1-score": 0.7011503630578445, "macro avg/support": 999, "weighted avg/precision": 0.7098095504831257, "weighted avg/recall": 0.7027027027027027, "weighted avg/f1-score": 0.7008269589651658, "weighted avg/support": 999, "accuracy": 0.7027027027027027, "roc_auc": 0.7722214204390565, "pr_auc": 0.7727864177474937, "conicity_mean": "0.14108016", "conicity_std": "0.047767386"}