{"0/precision": 0.7286821705426356, "0/recall": 0.8377896613190731, "0/f1-score": 0.7794361525704808, "0/support": 561, "1/precision": 0.7429378531073446, "1/recall": 0.6004566210045662, "1/f1-score": 0.6641414141414141, "1/support": 438, "micro avg/precision": 0.7337337337337337, "micro avg/recall": 0.7337337337337337, "micro avg/f1-score": 0.7337337337337337, "micro avg/support": 999, "macro avg/precision": 0.7358100118249902, "macro avg/recall": 0.7191231411618196, "macro avg/f1-score": 0.7217887833559475, "macro avg/support": 999, "weighted avg/precision": 0.7349324097451807, "weighted avg/recall": 0.7337337337337337, "weighted avg/f1-score": 0.7288865074934725, "weighted avg/support": 999, "accuracy": 0.7337337337337337, "roc_auc": 0.8072709366021211, "pr_auc": 0.7493074582091441, "conicity_mean": "0.16513671", "conicity_std": "0.06029234"}