{"0/precision": 0.7838953888506538, "0/recall": 0.7473753280839895, "0/f1-score": 0.7651998656365468, "0/support": 1524, "1/precision": 0.7509702457956016, "1/recall": 0.7871186440677966, "1/f1-score": 0.7686196623634558, "1/support": 1475, "micro avg/precision": 0.7669223074358119, "micro avg/recall": 0.7669223074358119, "micro avg/f1-score": 0.7669223074358118, "micro avg/support": 2999, "macro avg/precision": 0.7674328173231277, "macro avg/recall": 0.767246986075893, "macro avg/f1-score": 0.7669097640000013, "macro avg/support": 2999, "weighted avg/precision": 0.7677017956508532, "weighted avg/recall": 0.7669223074358119, "weighted avg/f1-score": 0.7668818263475141, "weighted avg/support": 2999, "accuracy": 0.7669223074358119, "roc_auc": 0.8425570532496998, "pr_auc": 0.8233978729541528, "conicity_mean": "0.17750454", "conicity_std": "0.038099248"}