{"0/precision": 0.7516198704103672, "0/recall": 0.703030303030303, "0/f1-score": 0.7265135699373694, "0/support": 495, "1/precision": 0.7252336448598131, "1/recall": 0.7713717693836978, "1/f1-score": 0.7475915221579963, "1/support": 503, "micro avg/precision": 0.7374749498997996, "micro avg/recall": 0.7374749498997996, "micro avg/f1-score": 0.7374749498997994, "micro avg/support": 998, "macro avg/precision": 0.7384267576350901, "macro avg/recall": 0.7372010362070004, "macro avg/f1-score": 0.7370525460476829, "macro avg/support": 998, "weighted avg/precision": 0.7383210012200578, "weighted avg/recall": 0.7374749498997996, "weighted avg/f1-score": 0.7371370268181061, "weighted avg/support": 998, "accuracy": 0.7374749498997996, "roc_auc": 0.8143060826957447, "pr_auc": 0.7959784335501083, "conicity_mean": "0.17888145", "conicity_std": "0.04081079"}