{"0/precision": 0.8088235294117647, "0/recall": 0.6862745098039216, "0/f1-score": 0.7425265188042429, "0/support": 561, "1/precision": 0.6634799235181644, "1/recall": 0.7922374429223744, "1/f1-score": 0.7221644120707597, "1/support": 438, "micro avg/precision": 0.7327327327327328, "micro avg/recall": 0.7327327327327328, "micro avg/f1-score": 0.7327327327327328, "micro avg/support": 999, "macro avg/precision": 0.7361517264649646, "macro avg/recall": 0.739255976363148, "macro avg/f1-score": 0.7323454654375012, "macro avg/support": 999, "weighted avg/precision": 0.7450993058067628, "weighted avg/recall": 0.7327327327327328, "weighted avg/f1-score": 0.7335989885246976, "weighted avg/support": 999, "accuracy": 0.7327327327327328, "roc_auc": 0.8185236734793544, "pr_auc": 0.7661077158660168, "conicity_mean": "0.1594113", "conicity_std": "0.059545398"}