{"0/precision": 0.8035714285714286, "0/recall": 0.7219251336898396, "0/f1-score": 0.7605633802816902, "0/support": 561, "1/precision": 0.6848484848484848, "1/recall": 0.773972602739726, "1/f1-score": 0.7266881028938907, "1/support": 438, "micro avg/precision": 0.7447447447447447, "micro avg/recall": 0.7447447447447447, "micro avg/f1-score": 0.7447447447447447, "micro avg/support": 999, "macro avg/precision": 0.7442099567099567, "macro avg/recall": 0.7479488682147828, "macro avg/f1-score": 0.7436257415877905, "macro avg/support": 999, "weighted avg/precision": 0.7515187265187264, "weighted avg/recall": 0.7447447447447447, "weighted avg/f1-score": 0.7457111565621145, "weighted avg/support": 999, "accuracy": 0.7447447447447447, "roc_auc": 0.823378832645553, "pr_auc": 0.77308779285972, "conicity_mean": "0.15937498", "conicity_std": "0.05581539"}