{"0/precision": 0.7805907172995781, "0/recall": 0.7789473684210526, "0/f1-score": 0.779768177028451, "0/support": 475, "1/precision": 0.8, "1/recall": 0.8015267175572519, "1/f1-score": 0.8007626310772165, "1/support": 524, "micro avg/precision": 0.7907907907907908, "micro avg/recall": 0.7907907907907908, "micro avg/f1-score": 0.7907907907907908, "micro avg/support": 999, "macro avg/precision": 0.7902953586497891, "macro avg/recall": 0.7902370429891523, "macro avg/f1-score": 0.7902654040528337, "macro avg/support": 999, "weighted avg/precision": 0.790771362079379, "weighted avg/recall": 0.7907907907907908, "weighted avg/f1-score": 0.7907802830560317, "weighted avg/support": 999, "accuracy": 0.7907907907907908, "roc_auc": 0.8711651265568501, "pr_auc": 0.8888086211374226, "conicity_mean": "0.5442287", "conicity_std": "0.15094565"}