{"0/precision": 0.7628120893561103, "0/recall": 0.7618110236220472, "0/f1-score": 0.7623112278397899, "0/support": 1524, "1/precision": 0.7542315504400813, "1/recall": 0.7552542372881356, "1/f1-score": 0.7547425474254743, "1/support": 1475, "micro avg/precision": 0.7585861953984662, "micro avg/recall": 0.7585861953984662, "micro avg/f1-score": 0.7585861953984662, "micro avg/support": 2999, "macro avg/precision": 0.7585218198980959, "macro avg/recall": 0.7585326304550915, "macro avg/f1-score": 0.7585268876326321, "macro avg/support": 2999, "weighted avg/precision": 0.7585919176651658, "weighted avg/recall": 0.7585861953984662, "weighted avg/f1-score": 0.7585887191331825, "weighted avg/support": 2999, "accuracy": 0.7585861953984662, "roc_auc": 0.8383686996752524, "pr_auc": 0.8249703124863239, "conicity_mean": "0.17941244", "conicity_std": "0.03872953"}