{"0/precision": 0.7632135306553911, "0/recall": 0.733739837398374, "0/f1-score": 0.7481865284974093, "0/support": 492, "1/precision": 0.7509505703422054, "1/recall": 0.7790927021696252, "1/f1-score": 0.7647628267182962, "1/support": 507, "micro avg/precision": 0.7567567567567568, "micro avg/recall": 0.7567567567567568, "micro avg/f1-score": 0.7567567567567567, "micro avg/support": 999, "macro avg/precision": 0.7570820504987983, "macro avg/recall": 0.7564162697839996, "macro avg/f1-score": 0.7564746776078528, "macro avg/support": 999, "weighted avg/precision": 0.7569899862321827, "weighted avg/recall": 0.7567567567567568, "weighted avg/f1-score": 0.7565991242911927, "weighted avg/support": 999, "accuracy": 0.7567567567567568, "roc_auc": 0.8328322188547328, "pr_auc": 0.8307337910553036, "conicity_mean": "0.54344696", "conicity_std": "0.110146046"}