{"0/precision": 0.762071378586424, "0/recall": 0.7423312883435583, "0/f1-score": 0.7520718232044199, "0/support": 1467, "1/precision": 0.7589285714285714, "1/recall": 0.7777777777777778, "1/f1-score": 0.7682375726275016, "1/support": 1530, "micro avg/precision": 0.760427093760427, "micro avg/recall": 0.760427093760427, "micro avg/f1-score": 0.760427093760427, "micro avg/support": 2997, "macro avg/precision": 0.7604999750074977, "macro avg/recall": 0.7600545330606681, "macro avg/f1-score": 0.7601546979159608, "macro avg/support": 2997, "weighted avg/precision": 0.7604669424998327, "weighted avg/recall": 0.760427093760427, "weighted avg/f1-score": 0.7603246081951823, "weighted avg/support": 2997, "accuracy": 0.760427093760427, "roc_auc": 0.8270217107520126, "pr_auc": 0.8120776937860952, "conicity_mean": "0.17366846", "conicity_std": "0.038032826"}