{"0/precision": 0.7917485265225933, "0/recall": 0.7183600713012478, "0/f1-score": 0.7532710280373831, "0/support": 561, "1/precision": 0.6775510204081633, "1/recall": 0.7579908675799086, "1/f1-score": 0.7155172413793104, "1/support": 438, "micro avg/precision": 0.7357357357357357, "micro avg/recall": 0.7357357357357357, "micro avg/f1-score": 0.7357357357357357, "micro avg/support": 999, "macro avg/precision": 0.7346497734653783, "macro avg/recall": 0.7381754694405782, "macro avg/f1-score": 0.7343941347083467, "macro avg/support": 999, "weighted avg/precision": 0.7416799502682185, "weighted avg/recall": 0.7357357357357357, "weighted avg/f1-score": 0.7367183167698798, "weighted avg/support": 999, "accuracy": 0.7357357357357357, "roc_auc": 0.8091389316208011, "pr_auc": 0.7642357955918517, "conicity_mean": "0.16693647", "conicity_std": "0.060981568"}