{"0/precision": 0.8082474226804124, "0/recall": 0.6987522281639929, "0/f1-score": 0.7495219885277247, "0/support": 561, "1/precision": 0.6712062256809338, "1/recall": 0.7876712328767124, "1/f1-score": 0.7247899159663864, "1/support": 438, "micro avg/precision": 0.7377377377377378, "micro avg/recall": 0.7377377377377378, "micro avg/f1-score": 0.7377377377377378, "micro avg/support": 999, "macro avg/precision": 0.7397268241806731, "macro avg/recall": 0.7432117305203526, "macro avg/f1-score": 0.7371559522470555, "macro avg/support": 999, "weighted avg/precision": 0.7481632942662266, "weighted avg/recall": 0.7377377377377378, "weighted avg/f1-score": 0.7386784972545855, "weighted avg/support": 999, "accuracy": 0.7377377377377378, "roc_auc": 0.8373257148438453, "pr_auc": 0.7923344868393559, "conicity_mean": "0.5072484", "conicity_std": "0.13148253"}