{"0/precision": 0.766612641815235, "0/recall": 0.8431372549019608, "0/f1-score": 0.8030560271646858, "0/support": 561, "1/precision": 0.7696335078534031, "1/recall": 0.6712328767123288, "1/f1-score": 0.7170731707317073, "1/support": 438, "micro avg/precision": 0.7677677677677678, "micro avg/recall": 0.7677677677677678, "micro avg/f1-score": 0.7677677677677677, "micro avg/support": 999, "macro avg/precision": 0.7681230748343191, "macro avg/recall": 0.7571850658071448, "macro avg/f1-score": 0.7600645989481966, "macro avg/support": 999, "weighted avg/precision": 0.7679371056037412, "weighted avg/recall": 0.7677677677677678, "weighted avg/f1-score": 0.7653578378577343, "weighted avg/support": 999, "accuracy": 0.7677677677677678, "roc_auc": 0.8371140901358467, "pr_auc": 0.8014844008029138, "conicity_mean": "0.4509715", "conicity_std": "0.1112052"}