{"0/precision": 0.7165354330708661, "0/recall": 0.7398373983739838, "0/f1-score": 0.728, "0/support": 492, "1/precision": 0.7393075356415478, "1/recall": 0.7159763313609467, "1/f1-score": 0.7274549098196392, "1/support": 507, "micro avg/precision": 0.7277277277277278, "micro avg/recall": 0.7277277277277278, "micro avg/f1-score": 0.7277277277277276, "micro avg/support": 999, "macro avg/precision": 0.727921484356207, "macro avg/recall": 0.7279068648674653, "macro avg/f1-score": 0.7277274549098196, "macro avg/support": 999, "weighted avg/precision": 0.7280924460872181, "weighted avg/recall": 0.7277277277277278, "weighted avg/f1-score": 0.7277233626411983, "weighted avg/support": 999, "accuracy": 0.7277277277277278, "roc_auc": 0.7998308237520244, "pr_auc": 0.7957146727801351, "conicity_mean": "0.51634264", "conicity_std": "0.10797582"}