{"0/precision": 0.7798657718120805, "0/recall": 0.7920927062031357, "0/f1-score": 0.7859316875211363, "0/support": 1467, "1/precision": 0.7976111479761114, "1/recall": 0.7856209150326797, "1/f1-score": 0.7915706289101085, "1/support": 1530, "micro avg/precision": 0.7887887887887888, "micro avg/recall": 0.7887887887887888, "micro avg/f1-score": 0.7887887887887888, "micro avg/support": 2997, "macro avg/precision": 0.788738459894096, "macro avg/recall": 0.7888568106179077, "macro avg/f1-score": 0.7887511582156224, "macro avg/support": 2997, "weighted avg/precision": 0.788924972856781, "weighted avg/recall": 0.7887887887887888, "weighted avg/f1-score": 0.7888104263683593, "weighted avg/support": 2997, "accuracy": 0.7887887887887888, "roc_auc": 0.8651329243353784, "pr_auc": 0.8639243136859098, "conicity_mean": "0.4782734", "conicity_std": "0.14811766"}