{"0/precision": 0.7092337917485265, "0/recall": 0.76, "0/f1-score": 0.733739837398374, "0/support": 475, "1/precision": 0.7673469387755102, "1/recall": 0.7175572519083969, "1/f1-score": 0.7416173570019724, "1/support": 524, "micro avg/precision": 0.7377377377377378, "micro avg/recall": 0.7377377377377378, "micro avg/f1-score": 0.7377377377377378, "micro avg/support": 999, "macro avg/precision": 0.7382903652620183, "macro avg/recall": 0.7387786259541984, "macro avg/f1-score": 0.7376785972001731, "macro avg/support": 999, "weighted avg/precision": 0.7397155625614789, "weighted avg/recall": 0.7377377377377378, "weighted avg/f1-score": 0.737871789622884, "weighted avg/support": 999, "accuracy": 0.7377377377377378, "roc_auc": 0.804849337083166, "pr_auc": 0.8061891524835373, "conicity_mean": "0.19720025", "conicity_std": "0.03798319"}