{"0/precision": 0.6775431861804223, "0/recall": 0.717479674796748, "0/f1-score": 0.6969397828232972, "0/support": 492, "1/precision": 0.7092050209205021, "1/recall": 0.6686390532544378, "1/f1-score": 0.6883248730964466, "1/support": 507, "micro avg/precision": 0.6926926926926927, "micro avg/recall": 0.6926926926926927, "micro avg/f1-score": 0.6926926926926927, "micro avg/support": 999, "macro avg/precision": 0.6933741035504621, "macro avg/recall": 0.6930593640255929, "macro avg/f1-score": 0.6926323279598718, "macro avg/support": 999, "weighted avg/precision": 0.6936118050124748, "weighted avg/recall": 0.6926926926926927, "weighted avg/f1-score": 0.6925676514604211, "weighted avg/support": 999, "accuracy": 0.6926926926926927, "roc_auc": 0.7645543689164703, "pr_auc": 0.7558443361034403, "conicity_mean": "0.14554967", "conicity_std": "0.04726902"}