{"0/precision": 0.70995670995671, "0/recall": 0.6905263157894737, "0/f1-score": 0.7001067235859124, "0/support": 475, "1/precision": 0.7262569832402235, "1/recall": 0.7442748091603053, "1/f1-score": 0.7351555136663525, "1/support": 524, "micro avg/precision": 0.7187187187187187, "micro avg/recall": 0.7187187187187187, "micro avg/f1-score": 0.7187187187187187, "micro avg/support": 999, "macro avg/precision": 0.7181068465984668, "macro avg/recall": 0.7174005624748895, "macro avg/f1-score": 0.7176311186261324, "macro avg/support": 999, "weighted avg/precision": 0.7185066030503647, "weighted avg/recall": 0.7187187187187187, "weighted avg/f1-score": 0.7184906735380152, "weighted avg/support": 999, "accuracy": 0.7187187187187187, "roc_auc": 0.7984130172760145, "pr_auc": 0.8069075838326394, "conicity_mean": "0.14761373", "conicity_std": "0.04211192"}