{"0/precision": 0.7821059038344492, "0/recall": 0.8431758530183727, "0/f1-score": 0.8114935269971583, "0/support": 1524, "1/precision": 0.8237463126843658, "1/recall": 0.7572881355932204, "1/f1-score": 0.7891204521370542, "1/support": 1475, "micro avg/precision": 0.8009336445481827, "micro avg/recall": 0.8009336445481827, "micro avg/f1-score": 0.8009336445481827, "micro avg/support": 2999, "macro avg/precision": 0.8029261082594075, "macro avg/recall": 0.8002319943057965, "macro avg/f1-score": 0.8003069895671062, "macro avg/support": 2999, "weighted avg/precision": 0.8025859315282229, "weighted avg/recall": 0.8009336445481827, "weighted avg/f1-score": 0.8004897639365869, "weighted avg/support": 2999, "accuracy": 0.8009336445481827, "roc_auc": 0.8769131189109836, "pr_auc": 0.875489781280168, "conicity_mean": "0.40413496", "conicity_std": "0.112350866"}