{"0/precision": 0.7234468937875751, "0/recall": 0.733739837398374, "0/f1-score": 0.7285570131180624, "0/support": 492, "1/precision": 0.738, "1/recall": 0.727810650887574, "1/f1-score": 0.7328699106256207, "1/support": 507, "micro avg/precision": 0.7307307307307307, "micro avg/recall": 0.7307307307307307, "micro avg/f1-score": 0.7307307307307307, "micro avg/support": 999, "macro avg/precision": 0.7307234468937875, "macro avg/recall": 0.730775244142974, "macro avg/f1-score": 0.7307134618718416, "macro avg/support": 999, "weighted avg/precision": 0.7308327044479349, "weighted avg/recall": 0.7307307307307307, "weighted avg/f1-score": 0.7307458409822586, "weighted avg/support": 999, "accuracy": 0.7307307307307307, "roc_auc": 0.786168438607463, "pr_auc": 0.7620213876621542, "conicity_mean": "0.150054", "conicity_std": "0.038228974"}