{"0/precision": 0.6933333333333334, "0/recall": 0.7398373983739838, "0/f1-score": 0.7158308751229105, "0/support": 492, "1/precision": 0.729957805907173, "1/recall": 0.6824457593688363, "1/f1-score": 0.7054026503567787, "1/support": 507, "micro avg/precision": 0.7107107107107107, "micro avg/recall": 0.7107107107107107, "micro avg/f1-score": 0.7107107107107107, "micro avg/support": 999, "macro avg/precision": 0.7116455696202532, "macro avg/recall": 0.71114157887141, "macro avg/f1-score": 0.7106167627398446, "macro avg/support": 999, "weighted avg/precision": 0.7119205281230597, "weighted avg/recall": 0.7107107107107107, "weighted avg/f1-score": 0.710538472764123, "weighted avg/support": 999, "accuracy": 0.7107107107107107, "roc_auc": 0.7822477189268934, "pr_auc": 0.7725704505546288, "conicity_mean": "0.14181112", "conicity_std": "0.046781205"}