{"0/precision": 0.7710084033613446, "0/recall": 0.7726315789473684, "0/f1-score": 0.7718191377497372, "0/support": 475, "1/precision": 0.7934990439770554, "1/recall": 0.7919847328244275, "1/f1-score": 0.792741165234002, "1/support": 524, "micro avg/precision": 0.7827827827827828, "micro avg/recall": 0.7827827827827828, "micro avg/f1-score": 0.7827827827827828, "micro avg/support": 999, "macro avg/precision": 0.7822537236692, "macro avg/recall": 0.782308155885898, "macro avg/f1-score": 0.7822801514918696, "macro avg/support": 999, "weighted avg/precision": 0.7828052959365521, "weighted avg/recall": 0.7827827827827828, "weighted avg/f1-score": 0.7827932542680102, "weighted avg/support": 999, "accuracy": 0.7827827827827828, "roc_auc": 0.8562314182402571, "pr_auc": 0.8677870618304147, "conicity_mean": "0.511878", "conicity_std": "0.1382989"}