{"0/precision": 0.7414529914529915, "0/recall": 0.7305263157894737, "0/f1-score": 0.735949098621421, "0/support": 475, "1/precision": 0.7589453860640302, "1/recall": 0.7690839694656488, "1/f1-score": 0.7639810426540283, "1/support": 524, "micro avg/precision": 0.7507507507507507, "micro avg/recall": 0.7507507507507507, "micro avg/f1-score": 0.7507507507507507, "micro avg/support": 999, "macro avg/precision": 0.7501991887585109, "macro avg/recall": 0.7498051426275613, "macro avg/f1-score": 0.7499650706377247, "macro avg/support": 999, "weighted avg/precision": 0.750628181419142, "weighted avg/recall": 0.7507507507507507, "weighted avg/f1-score": 0.7506525407366225, "weighted avg/support": 999, "accuracy": 0.7507507507507507, "roc_auc": 0.8182442748091604, "pr_auc": 0.8116344794153513, "conicity_mean": "0.17076968", "conicity_std": "0.03746174"}