{"0/precision": 0.7200902934537246, "0/recall": 0.6444444444444445, "0/f1-score": 0.6801705756929637, "0/support": 495, "1/precision": 0.6828828828828829, "1/recall": 0.7534791252485089, "1/f1-score": 0.716446124763705, "1/support": 503, "micro avg/precision": 0.6993987975951904, "micro avg/recall": 0.6993987975951904, "micro avg/f1-score": 0.6993987975951904, "micro avg/support": 998, "macro avg/precision": 0.7014865881683037, "macro avg/recall": 0.6989617848464766, "macro avg/f1-score": 0.6983083502283343, "macro avg/support": 998, "weighted avg/precision": 0.7013374602702243, "weighted avg/recall": 0.6993987975951904, "weighted avg/f1-score": 0.6984537432105817, "weighted avg/support": 998, "accuracy": 0.6993987975951904, "roc_auc": 0.7622949173644998, "pr_auc": 0.7240101209981611, "conicity_mean": "0.59570307", "conicity_std": "0.10365913"}