{"0/precision": 0.7991169977924945, "0/recall": 0.6452762923351159, "0/f1-score": 0.7140039447731755, "0/support": 561, "1/precision": 0.6355311355311355, "1/recall": 0.7922374429223744, "1/f1-score": 0.7052845528455284, "1/support": 438, "micro avg/precision": 0.7097097097097097, "micro avg/recall": 0.7097097097097097, "micro avg/f1-score": 0.7097097097097097, "micro avg/support": 999, "macro avg/precision": 0.717324066661815, "macro avg/recall": 0.7187568676287451, "macro avg/f1-score": 0.709644248809352, "macro avg/support": 999, "weighted avg/precision": 0.7273946677920188, "weighted avg/recall": 0.7097097097097097, "weighted avg/f1-score": 0.7101810281922852, "weighted avg/support": 999, "accuracy": 0.7097097097097097, "roc_auc": 0.7729470368471175, "pr_auc": 0.6711491816240763, "conicity_mean": "0.19357805", "conicity_std": "0.043281253"}