{"0/precision": 0.796398891966759, "0/recall": 0.7707774798927614, "0/f1-score": 0.7833787465940054, "0/support": 1492, "1/precision": 0.7799227799227799, "1/recall": 0.8047808764940239, "1/f1-score": 0.792156862745098, "1/support": 1506, "micro avg/precision": 0.7878585723815877, "micro avg/recall": 0.7878585723815877, "micro avg/f1-score": 0.7878585723815877, "micro avg/support": 2998, "macro avg/precision": 0.7881608359447694, "macro avg/recall": 0.7877791781933926, "macro avg/f1-score": 0.7877678046695518, "macro avg/support": 2998, "weighted avg/precision": 0.7881223660367281, "weighted avg/recall": 0.7878585723815877, "weighted avg/f1-score": 0.7877883006045276, "weighted avg/support": 2998, "accuracy": 0.7878585723815877, "roc_auc": 0.8635996674606311, "pr_auc": 0.8530350670160651, "conicity_mean": "0.14379595", "conicity_std": "0.04842452"}