{"0/precision": 0.7960969044414535, "0/recall": 0.7928954423592494, "0/f1-score": 0.7944929482874412, "0/support": 1492, "1/precision": 0.7956349206349206, "1/recall": 0.798804780876494, "1/f1-score": 0.7972166998011928, "1/support": 1506, "micro avg/precision": 0.7958639092728486, "micro avg/recall": 0.7958639092728486, "micro avg/f1-score": 0.7958639092728486, "micro avg/support": 2998, "macro avg/precision": 0.7958659125381871, "macro avg/recall": 0.7958501116178717, "macro avg/f1-score": 0.7958548240443171, "macro avg/support": 2998, "weighted avg/precision": 0.7958648338568509, "weighted avg/recall": 0.7958639092728486, "weighted avg/f1-score": 0.795861183704289, "weighted avg/support": 2998, "accuracy": 0.7958639092728486, "roc_auc": 0.8763520538044427, "pr_auc": 0.8676337488057081, "conicity_mean": "0.16824448", "conicity_std": "0.037735336"}