,mean,std
0,0.8850576877593994,0.13602927327156067
1,0.8488831520080566,0.19684448838233948
Overall,0.8661091923713684,0.17156416177749634
