,mean,std
0,0.16726405221749754,0.06275729761705374
1,0.17679151852819372,0.07994811516063112
Overall,0.1722546298088146,0.07243025280055201
