,mean,std
0,0.014629967510700226,0.02020784094929695
1,0.017460215836763382,0.023680174723267555
Overall,0.01611247844994068,0.022140013054013252
