,mean,std
0,0.20042139543768236,0.06358847088260391
1,0.2008367733940243,0.0784578894752945
Overall,0.20063897436719483,0.07176279865835823
