,mean,std
0,0.017105475068092346,0.02201823890209198
1,0.019483940675854683,0.02474079094827175
Overall,0.01835133694112301,0.023513760417699814
