,mean,std
0,0.8657931089401245,0.13718363642692566
1,0.8418110609054565,0.19592270255088806
Overall,0.8532311320304871,0.17091473937034607
