{"0/precision": 0.9470588235294117, "0/recall": 0.8994413407821229, "0/f1-score": 0.9226361031518624, "0/support": 179, "1/precision": 0.9037433155080213, "1/recall": 0.949438202247191, "1/f1-score": 0.9260273972602739, "1/support": 178, "micro avg/precision": 0.9243697478991597, "micro avg/recall": 0.9243697478991597, "micro avg/f1-score": 0.9243697478991597, "micro avg/support": 357, "macro avg/precision": 0.9254010695187165, "macro avg/recall": 0.924439771514657, "macro avg/f1-score": 0.9243317502060682, "macro avg/support": 357, "weighted avg/precision": 0.9254617354963376, "weighted avg/recall": 0.9243697478991597, "weighted avg/f1-score": 0.9243270004944317, "weighted avg/support": 357, "accuracy": 0.9243697478991597, "roc_auc": 0.9765865294080723, "pr_auc": 0.9777721043326133, "conicity_mean": "0.21551731", "conicity_std": "0.06383064"}