{"0/precision": 0.9177215189873418, "0/recall": 0.8100558659217877, "0/f1-score": 0.8605341246290801, "0/support": 179, "1/precision": 0.8291457286432161, "1/recall": 0.9269662921348315, "1/f1-score": 0.8753315649867375, "1/support": 178, "micro avg/precision": 0.8683473389355743, "micro avg/recall": 0.8683473389355743, "micro avg/f1-score": 0.8683473389355743, "micro avg/support": 357, "macro avg/precision": 0.8734336238152789, "macro avg/recall": 0.8685110790283096, "macro avg/f1-score": 0.8679328448079088, "macro avg/support": 357, "weighted avg/precision": 0.8735576795440522, "weighted avg/recall": 0.8683473389355743, "weighted avg/f1-score": 0.8679121201015255, "weighted avg/support": 357, "accuracy": 0.8683473389355743, "roc_auc": 0.9613018642897495, "pr_auc": 0.9606592704582144}