{"0/precision": 0.7639168343393695, "0/recall": 0.776414451261077, "0/f1-score": 0.7701149425287357, "0/support": 1467, "1/precision": 0.7822045152722443, "1/recall": 0.7699346405228759, "1/f1-score": 0.7760210803689064, "1/support": 1530, "micro avg/precision": 0.7731064397731064, "micro avg/recall": 0.7731064397731064, "micro avg/f1-score": 0.7731064397731064, "micro avg/support": 2997, "macro avg/precision": 0.7730606748058069, "macro avg/recall": 0.7731745458919764, "macro avg/f1-score": 0.7730680114488211, "macro avg/support": 2997, "weighted avg/precision": 0.7732528876684648, "weighted avg/recall": 0.7731064397731064, "weighted avg/f1-score": 0.7731300879726666, "weighted avg/support": 2997, "accuracy": 0.7731064397731064, "roc_auc": 0.8407077714066767, "pr_auc": 0.8347495236951132, "conicity_mean": "0.14889438", "conicity_std": "0.04965961"}