{"0/precision": 0.6841155234657039, "0/recall": 0.7656565656565657, "0/f1-score": 0.7225929456625357, "0/support": 495, "1/precision": 0.7387387387387387, "1/recall": 0.6520874751491054, "1/f1-score": 0.692713833157339, "1/support": 503, "micro avg/precision": 0.7084168336673347, "micro avg/recall": 0.7084168336673347, "micro avg/f1-score": 0.7084168336673345, "micro avg/support": 998, "macro avg/precision": 0.7114271311022213, "macro avg/recall": 0.7088720204028356, "macro avg/f1-score": 0.7076533894099374, "macro avg/support": 998, "weighted avg/precision": 0.7116460618247585, "weighted avg/recall": 0.7084168336673347, "weighted avg/f1-score": 0.7075336334479927, "weighted avg/support": 998, "accuracy": 0.7084168336673347, "roc_auc": 0.7770729160391188, "pr_auc": 0.7536765547574018, "conicity_mean": "0.17443664", "conicity_std": "0.039337475"}