{"0/precision": 0.7440860215053764, "0/recall": 0.728421052631579, "0/f1-score": 0.7361702127659574, "0/support": 475, "1/precision": 0.7584269662921348, "1/recall": 0.7729007633587787, "1/f1-score": 0.7655954631379962, "1/support": 524, "micro avg/precision": 0.7517517517517518, "micro avg/recall": 0.7517517517517518, "micro avg/f1-score": 0.7517517517517518, "micro avg/support": 999, "macro avg/precision": 0.7512564938987556, "macro avg/recall": 0.7506609079951788, "macro avg/f1-score": 0.7508828379519767, "macro avg/support": 999, "weighted avg/precision": 0.7516081987508832, "weighted avg/recall": 0.7517517517517518, "weighted avg/f1-score": 0.7516044782263662, "weighted avg/support": 999, "accuracy": 0.7517517517517518, "roc_auc": 0.8171313780634794, "pr_auc": 0.8167117300732437, "conicity_mean": "0.19703896", "conicity_std": "0.0404185"}