{"0/precision": 0.6976744186046512, "0/recall": 0.8102633355840648, "0/f1-score": 0.7497656982193065, "0/support": 1481, "1/precision": 0.7801251956181534, "1/recall": 0.6572181938035596, "1/f1-score": 0.7134168157423972, "1/support": 1517, "micro avg/precision": 0.7328218812541695, "micro avg/recall": 0.7328218812541695, "micro avg/f1-score": 0.7328218812541696, "micro avg/support": 2998, "macro avg/precision": 0.7388998071114024, "macro avg/recall": 0.7337407646938122, "macro avg/f1-score": 0.7315912569808518, "macro avg/support": 2998, "weighted avg/precision": 0.7393948417966066, "weighted avg/recall": 0.7328218812541695, "weighted avg/f1-score": 0.7313730181934655, "weighted avg/support": 2998, "accuracy": 0.7328218812541695, "roc_auc": 0.8089142319968559, "pr_auc": 0.7985082543743984, "conicity_mean": "0.13400334", "conicity_std": "0.047242157"}