{"0/precision": 0.7630979498861048, "0/recall": 0.6808943089430894, "0/f1-score": 0.719656283566058, "0/support": 492, "1/precision": 0.7196428571428571, "1/recall": 0.7948717948717948, "1/f1-score": 0.7553889409559512, "1/support": 507, "micro avg/precision": 0.7387387387387387, "micro avg/recall": 0.7387387387387387, "micro avg/f1-score": 0.7387387387387387, "micro avg/support": 999, "macro avg/precision": 0.741370403514481, "macro avg/recall": 0.7378830519074422, "macro avg/f1-score": 0.7375226122610046, "macro avg/support": 999, "weighted avg/precision": 0.7410441640794716, "weighted avg/recall": 0.7387387387387387, "weighted avg/f1-score": 0.7377908754546224, "weighted avg/support": 999, "accuracy": 0.7387387387387387, "roc_auc": 0.8030379564150671, "pr_auc": 0.7922277068598285, "conicity_mean": "0.14017512", "conicity_std": "0.04610775"}