{"0/precision": 0.7924528301886793, "0/recall": 0.7319034852546917, "0/f1-score": 0.7609756097560976, "0/support": 1492, "1/precision": 0.7530864197530864, "1/recall": 0.8100929614873837, "1/f1-score": 0.780550223928343, "1/support": 1506, "micro avg/precision": 0.771180787191461, "micro avg/recall": 0.771180787191461, "micro avg/f1-score": 0.771180787191461, "micro avg/support": 2998, "macro avg/precision": 0.7727696249708829, "macro avg/recall": 0.7709982233710377, "macro avg/f1-score": 0.7707629168422203, "macro avg/support": 2998, "weighted avg/precision": 0.7726777087357096, "weighted avg/recall": 0.771180787191461, "weighted avg/f1-score": 0.7708086214116684, "weighted avg/support": 2998, "accuracy": 0.771180787191461, "roc_auc": 0.8484952059501049, "pr_auc": 0.8321346136955848, "conicity_mean": "0.13944055", "conicity_std": "0.04736921"}