{"0/precision": 0.7594501718213058, "0/recall": 0.7878787878787878, "0/f1-score": 0.7734033245844268, "0/support": 561, "1/precision": 0.7146282973621103, "1/recall": 0.680365296803653, "1/f1-score": 0.697076023391813, "1/support": 438, "micro avg/precision": 0.7407407407407407, "micro avg/recall": 0.7407407407407407, "micro avg/f1-score": 0.7407407407407407, "micro avg/support": 999, "macro avg/precision": 0.7370392345917081, "macro avg/recall": 0.7341220423412205, "macro avg/f1-score": 0.73523967398812, "macro avg/support": 999, "weighted avg/precision": 0.7397985391755323, "weighted avg/recall": 0.7407407407407407, "weighted avg/f1-score": 0.7399385018393168, "weighted avg/support": 999, "accuracy": 0.7407407407407407, "roc_auc": 0.8191829658388884, "pr_auc": 0.7573033421856803, "conicity_mean": "0.16278088", "conicity_std": "0.059792925"}