{"0/precision": 0.742393509127789, "0/recall": 0.7705263157894737, "0/f1-score": 0.756198347107438, "0/support": 475, "1/precision": 0.7845849802371542, "1/recall": 0.7576335877862596, "1/f1-score": 0.770873786407767, "1/support": 524, "micro avg/precision": 0.7637637637637638, "micro avg/recall": 0.7637637637637638, "micro avg/f1-score": 0.7637637637637638, "micro avg/support": 999, "macro avg/precision": 0.7634892446824716, "macro avg/recall": 0.7640799517878667, "macro avg/f1-score": 0.7635360667576025, "macro avg/support": 999, "weighted avg/precision": 0.764523970450419, "weighted avg/recall": 0.7637637637637638, "weighted avg/f1-score": 0.7638959749286317, "weighted avg/support": 999, "accuracy": 0.7637637637637638, "roc_auc": 0.8597549216552833, "pr_auc": 0.8793555926281909, "conicity_mean": "0.51132435", "conicity_std": "0.120395884"}