{"0/precision": 0.6797853309481217, "0/recall": 0.8, "0/f1-score": 0.7350096711798839, "0/support": 475, "1/precision": 0.7840909090909091, "1/recall": 0.6583969465648855, "1/f1-score": 0.7157676348547717, "1/support": 524, "micro avg/precision": 0.7257257257257257, "micro avg/recall": 0.7257257257257257, "micro avg/f1-score": 0.7257257257257257, "micro avg/support": 999, "macro avg/precision": 0.7319381200195154, "macro avg/recall": 0.7291984732824428, "macro avg/f1-score": 0.7253886530173278, "macro avg/support": 999, "weighted avg/precision": 0.7344961647287228, "weighted avg/recall": 0.7257257257257257, "weighted avg/f1-score": 0.7249167512255708, "weighted avg/support": 999, "accuracy": 0.7257257257257257, "roc_auc": 0.7969184411410206, "pr_auc": 0.8036500542198297, "conicity_mean": "0.19935374", "conicity_std": "0.03976357"}