{"0/precision": 0.7158590308370044, "0/recall": 0.6605691056910569, "0/f1-score": 0.6871035940803383, "0/support": 492, "1/precision": 0.6935779816513762, "1/recall": 0.7455621301775148, "1/f1-score": 0.7186311787072243, "1/support": 507, "micro avg/precision": 0.7037037037037037, "micro avg/recall": 0.7037037037037037, "micro avg/f1-score": 0.7037037037037037, "micro avg/support": 999, "macro avg/precision": 0.7047185062441903, "macro avg/recall": 0.7030656179342858, "macro avg/f1-score": 0.7028673863937813, "macro avg/support": 999, "weighted avg/precision": 0.704551231100154, "weighted avg/recall": 0.7037037037037037, "weighted avg/f1-score": 0.7031040799720613, "weighted avg/support": 999, "accuracy": 0.7037037037037037, "roc_auc": 0.7717964753612034, "pr_auc": 0.7649445350505207, "conicity_mean": "0.18670289", "conicity_std": "0.044177294"}