{"0/precision": 0.8062015503875969, "0/recall": 0.7506561679790026, "0/f1-score": 0.7774379884471627, "0/support": 1524, "1/precision": 0.759493670886076, "1/recall": 0.8135593220338984, "1/f1-score": 0.7855973813420623, "1/support": 1475, "micro avg/precision": 0.7815938646215406, "micro avg/recall": 0.7815938646215406, "micro avg/f1-score": 0.7815938646215406, "micro avg/support": 2999, "macro avg/precision": 0.7828476106368365, "macro avg/recall": 0.7821077450064504, "macro avg/f1-score": 0.7815176848946125, "macro avg/support": 2999, "weighted avg/precision": 0.783229185511057, "weighted avg/recall": 0.7815938646215406, "weighted avg/f1-score": 0.7814510276335505, "weighted avg/support": 2999, "accuracy": 0.7815938646215406, "roc_auc": 0.8623208327772588, "pr_auc": 0.85317892965091, "conicity_mean": "0.4372584", "conicity_std": "0.11742335"}