{"0/precision": 0.738566131025958, "0/recall": 0.8068872383524646, "0/f1-score": 0.771216521458535, "0/support": 1481, "1/precision": 0.7927536231884058, "1/recall": 0.7211601845748187, "1/f1-score": 0.7552640662754574, "1/support": 1517, "micro avg/precision": 0.7635090060040026, "micro avg/recall": 0.7635090060040026, "micro avg/f1-score": 0.7635090060040026, "micro avg/support": 2998, "macro avg/precision": 0.7656598771071819, "macro avg/recall": 0.7640237114636417, "macro avg/f1-score": 0.7632402938669962, "macro avg/support": 2998, "weighted avg/precision": 0.7659852189547217, "weighted avg/recall": 0.7635090060040026, "weighted avg/f1-score": 0.7631445152835087, "weighted avg/support": 2998, "accuracy": 0.7635090060040026, "roc_auc": 0.8399280359393005, "pr_auc": 0.8381937980445067, "conicity_mean": "0.14134198", "conicity_std": "0.049560428"}