{"0/precision": 0.7023809523809523, "0/recall": 0.8764348413234301, "0/f1-score": 0.7798137578852509, "0/support": 1481, "1/precision": 0.8408695652173913, "1/recall": 0.6374423203691496, "1/f1-score": 0.7251593550806149, "1/support": 1517, "micro avg/precision": 0.7555036691127418, "micro avg/recall": 0.7555036691127418, "micro avg/f1-score": 0.7555036691127418, "micro avg/support": 2998, "macro avg/precision": 0.7716252587991719, "macro avg/recall": 0.7569385808462898, "macro avg/f1-score": 0.7524865564829328, "macro avg/support": 2998, "weighted avg/precision": 0.7724567448001911, "weighted avg/recall": 0.7555036691127418, "weighted avg/f1-score": 0.7521584113026516, "weighted avg/support": 2998, "accuracy": 0.7555036691127418, "roc_auc": 0.8429792088493362, "pr_auc": 0.8374186156167511, "conicity_mean": "0.16514304", "conicity_std": "0.0390413"}