{"0/precision": 0.7892644135188867, "0/recall": 0.7076648841354723, "0/f1-score": 0.7462406015037593, "0/support": 561, "1/precision": 0.6693548387096774, "1/recall": 0.7579908675799086, "1/f1-score": 0.7109207708779443, "1/support": 438, "micro avg/precision": 0.7297297297297297, "micro avg/recall": 0.7297297297297297, "micro avg/f1-score": 0.7297297297297297, "micro avg/support": 999, "macro avg/precision": 0.729309626114282, "macro avg/recall": 0.7328278758576905, "macro avg/f1-score": 0.7285806861908517, "macro avg/support": 999, "weighted avg/precision": 0.7366914467857199, "weighted avg/recall": 0.7297297297297297, "weighted avg/f1-score": 0.7307550301182668, "weighted avg/support": 999, "accuracy": 0.7297297297297297, "roc_auc": 0.7826573551795147, "pr_auc": 0.6886037385039298, "conicity_mean": "0.18758546", "conicity_std": "0.04326885"}