{"0/precision": 0.7057569296375267, "0/recall": 0.6727642276422764, "0/f1-score": 0.6888657648283039, "0/support": 492, "1/precision": 0.6962264150943396, "1/recall": 0.727810650887574, "1/f1-score": 0.7116682738669239, "1/support": 507, "micro avg/precision": 0.7007007007007007, "micro avg/recall": 0.7007007007007007, "micro avg/f1-score": 0.7007007007007007, "micro avg/support": 999, "macro avg/precision": 0.7009916723659331, "macro avg/recall": 0.7002874392649252, "macro avg/f1-score": 0.7002670193476139, "macro avg/support": 999, "weighted avg/precision": 0.7009201219564498, "weighted avg/recall": 0.7007007007007007, "weighted avg/f1-score": 0.7004382093554112, "weighted avg/support": 999, "accuracy": 0.7007007007007007, "roc_auc": 0.781277561296323, "pr_auc": 0.7757988362474754, "conicity_mean": "0.13872688", "conicity_std": "0.04671471"}