{"0/precision": 0.8164422395464209, "0/recall": 0.7778528021607022, "0/f1-score": 0.7966804979253111, "0/support": 1481, "1/precision": 0.792690611216131, "1/recall": 0.8292682926829268, "1/f1-score": 0.8105670103092784, "1/support": 1517, "micro avg/precision": 0.8038692461641094, "micro avg/recall": 0.8038692461641094, "micro avg/f1-score": 0.8038692461641094, "micro avg/support": 2998, "macro avg/precision": 0.804566425381276, "macro avg/recall": 0.8035605474218145, "macro avg/f1-score": 0.8036237541172948, "macro avg/support": 2998, "weighted avg/precision": 0.8044238205414012, "weighted avg/recall": 0.8038692461641094, "weighted avg/f1-score": 0.8037071287747035, "weighted avg/support": 2998, "accuracy": 0.8038692461641094, "roc_auc": 0.8858371719655296, "pr_auc": 0.886600645159947, "conicity_mean": "0.47205576", "conicity_std": "0.14213498"}