{"0/precision": 0.7781402936378466, "0/recall": 0.6441593517893315, "0/f1-score": 0.7048393055042481, "0/support": 1481, "1/precision": 0.7025959367945824, "1/recall": 0.8206987475280159, "1/f1-score": 0.7570690179385832, "1/support": 1517, "micro avg/precision": 0.7334889926617745, "micro avg/recall": 0.7334889926617745, "micro avg/f1-score": 0.7334889926617745, "micro avg/support": 2998, "macro avg/precision": 0.7403681152162145, "macro avg/recall": 0.7324290496586736, "macro avg/f1-score": 0.7309541617214157, "macro avg/support": 2998, "weighted avg/precision": 0.7399145466961414, "weighted avg/recall": 0.7334889926617745, "weighted avg/f1-score": 0.7312677490542435, "weighted avg/support": 2998, "accuracy": 0.7334889926617745, "roc_auc": 0.8114704516937682, "pr_auc": 0.7984778268437089, "conicity_mean": "0.13740845", "conicity_std": "0.049329877"}