{"0/precision": 0.727326968973747, "0/recall": 0.7998687664041995, "0/f1-score": 0.7618750000000001, "0/support": 1524, "1/precision": 0.7694633408919124, "1/recall": 0.6901694915254237, "1/f1-score": 0.7276626161543961, "1/support": 1475, "micro avg/precision": 0.7459153051017006, "micro avg/recall": 0.7459153051017006, "micro avg/f1-score": 0.7459153051017006, "micro avg/support": 2999, "macro avg/precision": 0.7483951549328297, "macro avg/recall": 0.7450191289648116, "macro avg/f1-score": 0.7447688080771981, "macro avg/support": 2999, "weighted avg/precision": 0.7480509264860157, "weighted avg/recall": 0.7459153051017006, "weighted avg/f1-score": 0.7450483023767037, "weighted avg/support": 2999, "accuracy": 0.7459153051017006, "roc_auc": 0.8184759108501268, "pr_auc": 0.8092887754350757, "conicity_mean": "0.15181018", "conicity_std": "0.048474543"}