{"0/precision": 0.7363834422657952, "0/recall": 0.6828282828282828, "0/f1-score": 0.7085953878406708, "0/support": 495, "1/precision": 0.7087198515769945, "1/recall": 0.7594433399602386, "1/f1-score": 0.7332053742802304, "1/support": 503, "micro avg/precision": 0.7214428857715431, "micro avg/recall": 0.7214428857715431, "micro avg/f1-score": 0.7214428857715431, "micro avg/support": 998, "macro avg/precision": 0.7225516469213948, "macro avg/recall": 0.7211358113942608, "macro avg/f1-score": 0.7209003810604506, "macro avg/support": 998, "weighted avg/precision": 0.7224407708064098, "weighted avg/recall": 0.7214428857715431, "weighted avg/f1-score": 0.7209990182806492, "weighted avg/support": 998, "accuracy": 0.7214428857715431, "roc_auc": 0.7843484547261883, "pr_auc": 0.7699494592057353, "conicity_mean": "0.14698046", "conicity_std": "0.048193496"}