{"0/precision": 0.7780748663101604, "0/recall": 0.5914634146341463, "0/f1-score": 0.6720554272517321, "0/support": 492, "1/precision": 0.6784, "1/recall": 0.8362919132149902, "1/f1-score": 0.7491166077738515, "1/support": 507, "micro avg/precision": 0.7157157157157157, "micro avg/recall": 0.7157157157157157, "micro avg/f1-score": 0.7157157157157157, "micro avg/support": 999, "macro avg/precision": 0.7282374331550803, "macro avg/recall": 0.7138776639245683, "macro avg/f1-score": 0.7105860175127918, "macro avg/support": 999, "weighted avg/precision": 0.7274891233479469, "weighted avg/recall": 0.7157157157157157, "weighted avg/f1-score": 0.711164554904099, "weighted avg/support": 999, "accuracy": 0.7157157157157157, "roc_auc": 0.772963069867385, "pr_auc": 0.7386397261181536, "conicity_mean": "0.16555151", "conicity_std": "0.038249295"}