{"0/precision": 0.8229376257545271, "0/recall": 0.7290552584670231, "0/f1-score": 0.7731568998109639, "0/support": 561, "1/precision": 0.6972111553784861, "1/recall": 0.7990867579908676, "1/f1-score": 0.7446808510638299, "1/support": 438, "micro avg/precision": 0.7597597597597597, "micro avg/recall": 0.7597597597597597, "micro avg/f1-score": 0.7597597597597598, "micro avg/support": 999, "macro avg/precision": 0.7600743905665066, "macro avg/recall": 0.7640710082289454, "macro avg/f1-score": 0.7589188754373969, "macro avg/support": 999, "weighted avg/precision": 0.7678143084124791, "weighted avg/recall": 0.7597597597597597, "weighted avg/f1-score": 0.7606719054653737, "weighted avg/support": 999, "accuracy": 0.7597597597597597, "roc_auc": 0.8449197860962566, "pr_auc": 0.8059326884199209, "conicity_mean": "0.47093984", "conicity_std": "0.11439209"}