{"0/precision": 0.7457983193277311, "0/recall": 0.7171717171717171, "0/f1-score": 0.7312049433573635, "0/support": 495, "1/precision": 0.7318007662835249, "1/recall": 0.7594433399602386, "1/f1-score": 0.7453658536585366, "1/support": 503, "micro avg/precision": 0.7384769539078156, "micro avg/recall": 0.7384769539078156, "micro avg/f1-score": 0.7384769539078156, "micro avg/support": 998, "macro avg/precision": 0.738799542805628, "macro avg/recall": 0.7383075285659779, "macro avg/f1-score": 0.73828539850795, "macro avg/support": 998, "weighted avg/precision": 0.7387434403886171, "weighted avg/recall": 0.7384769539078156, "weighted avg/f1-score": 0.7383421556634658, "weighted avg/support": 998, "accuracy": 0.7384769539078156, "roc_auc": 0.81118541277587, "pr_auc": 0.793943270201168, "conicity_mean": "0.52903193", "conicity_std": "0.08851954"}