{"0/precision": 0.7360178970917226, "0/recall": 0.6686991869918699, "0/f1-score": 0.7007454739084132, "0/support": 492, "1/precision": 0.7047101449275363, "1/recall": 0.7672583826429981, "1/f1-score": 0.7346553352219074, "1/support": 507, "micro avg/precision": 0.7187187187187187, "micro avg/recall": 0.7187187187187187, "micro avg/f1-score": 0.7187187187187187, "micro avg/support": 999, "macro avg/precision": 0.7203640210096294, "macro avg/recall": 0.7179787848174339, "macro avg/f1-score": 0.7177004045651603, "macro avg/support": 999, "weighted avg/precision": 0.7201289778252137, "weighted avg/recall": 0.7187187187187187, "weighted avg/f1-score": 0.71795498310355, "weighted avg/support": 999, "accuracy": 0.7187187187187187, "roc_auc": 0.776406728564327, "pr_auc": 0.7522782615083654, "conicity_mean": "0.14461285", "conicity_std": "0.045604013"}