{"0/precision": 0.8080877313228239, "0/recall": 0.7736220472440944, "0/f1-score": 0.7904793831713041, "0/support": 1524, "1/precision": 0.775974025974026, "1/recall": 0.8101694915254237, "1/f1-score": 0.7927031509121062, "1/support": 1475, "micro avg/precision": 0.7915971990663555, "micro avg/recall": 0.7915971990663555, "micro avg/f1-score": 0.7915971990663556, "micro avg/support": 2999, "macro avg/precision": 0.7920308786484249, "macro avg/recall": 0.791895769384759, "macro avg/f1-score": 0.7915912670417051, "macro avg/support": 2999, "weighted avg/precision": 0.7922932280252324, "weighted avg/recall": 0.7915971990663555, "weighted avg/f1-score": 0.7915731002162133, "weighted avg/support": 2999, "accuracy": 0.7915971990663555, "roc_auc": 0.8729596512300369, "pr_auc": 0.8713660916477306, "conicity_mean": "0.4265398", "conicity_std": "0.1269769"}