{"0/precision": 0.7593688362919132, "0/recall": 0.787321063394683, "0/f1-score": 0.7730923694779116, "0/support": 1467, "1/precision": 0.7886178861788617, "1/recall": 0.7607843137254902, "1/f1-score": 0.7744510978043913, "1/support": 1530, "micro avg/precision": 0.7737737737737738, "micro avg/recall": 0.7737737737737738, "micro avg/f1-score": 0.7737737737737739, "micro avg/support": 2997, "macro avg/precision": 0.7739933612353875, "macro avg/recall": 0.7740526885600866, "macro avg/f1-score": 0.7737717336411514, "macro avg/support": 2997, "weighted avg/precision": 0.7743007836816466, "weighted avg/recall": 0.7737737737737738, "weighted avg/f1-score": 0.7737860145695078, "weighted avg/support": 2997, "accuracy": 0.7737737737737738, "roc_auc": 0.8473947543116315, "pr_auc": 0.837350855767323, "conicity_mean": "0.18359648", "conicity_std": "0.038562626"}