{"0/precision": 0.7463054187192119, "0/recall": 0.6378947368421053, "0/f1-score": 0.6878547105561863, "0/support": 475, "1/precision": 0.7099494097807757, "1/recall": 0.8034351145038168, "1/f1-score": 0.7538048343777976, "1/support": 524, "micro avg/precision": 0.7247247247247247, "micro avg/recall": 0.7247247247247247, "micro avg/f1-score": 0.7247247247247247, "micro avg/support": 999, "macro avg/precision": 0.7281274142499938, "macro avg/recall": 0.720664925672961, "macro avg/f1-score": 0.7208297724669919, "macro avg/support": 999, "weighted avg/precision": 0.7272358004171693, "weighted avg/recall": 0.7247247247247247, "weighted avg/f1-score": 0.7224471678960505, "weighted avg/support": 999, "accuracy": 0.7247247247247247, "roc_auc": 0.7941984732824428, "pr_auc": 0.8110770873907605, "conicity_mean": "0.15433912", "conicity_std": "0.044241227"}