,mean,std
0,0.17060440048802322,0.05243121962508046
1,0.07028752047917805,0.04241622366628411
Overall,0.1256444542655716,0.06936968731937045
