,mean,std
0,0.01828591339290142,0.020800309255719185
1,0.007078369148075581,0.007861060090363026
Overall,0.013262923806905746,0.017248407006263733
