,mean,std
0,0.020342053845524788,0.022403107956051826
1,0.010948057286441326,0.011299889534711838
Overall,0.01613186113536358,0.018868228420615196
