,mean,std
0,0.1985726837579369,0.05783064859975165
1,0.1161414906848222,0.037273227131470646
Overall,0.16162873168035047,0.06440986998862624
