,mean,std
0,0.8152165412902832,0.19121122360229492
1,0.9795649647712708,0.03556307032704353
Overall,0.8888741135597229,0.16559714078903198
