,mean,std
0,0.779310405254364,0.20426395535469055
1,0.9497008323669434,0.0581994466483593
Overall,0.8556758165359497,0.17810769379138947
