{"0/precision": 0.8934010152284264, "0/recall": 0.9832402234636871, "0/f1-score": 0.9361702127659575, "0/support": 179, "1/precision": 0.98125, "1/recall": 0.8820224719101124, "1/f1-score": 0.9289940828402367, "1/support": 178, "micro avg/precision": 0.9327731092436975, "micro avg/recall": 0.9327731092436975, "micro avg/f1-score": 0.9327731092436976, "micro avg/support": 357, "macro avg/precision": 0.9373255076142132, "macro avg/recall": 0.9326313476868997, "macro avg/f1-score": 0.9325821478030971, "macro avg/support": 357, "weighted avg/precision": 0.9372024698204153, "weighted avg/recall": 0.9327731092436975, "weighted avg/f1-score": 0.9325921984052339, "weighted avg/support": 357, "accuracy": 0.9327731092436975, "roc_auc": 0.9797878350386039, "pr_auc": 0.9803414596241874, "conicity_mean": "0.77200156", "conicity_std": "0.12219215"}