{"0/precision": 0.8979591836734694, "0/recall": 0.9832402234636871, "0/f1-score": 0.9386666666666666, "0/support": 179, "1/precision": 0.9813664596273292, "1/recall": 0.8876404494382022, "1/f1-score": 0.9321533923303833, "1/support": 178, "micro avg/precision": 0.9355742296918768, "micro avg/recall": 0.9355742296918768, "micro avg/f1-score": 0.9355742296918768, "micro avg/support": 357, "macro avg/precision": 0.9396628216503993, "macro avg/recall": 0.9354403364509447, "macro avg/f1-score": 0.935410029498525, "macro avg/support": 357, "weighted avg/precision": 0.9395460047372987, "weighted avg/recall": 0.9355742296918768, "weighted avg/f1-score": 0.9354191517314888, "weighted avg/support": 357, "accuracy": 0.9355742296918768, "roc_auc": 0.9795367522440525, "pr_auc": 0.9792947974026178}