{"0/precision": 0.75, "0/recall": 0.7975460122699386, "0/f1-score": 0.7730426164519326, "0/support": 1467, "1/precision": 0.7933194154488518, "1/recall": 0.7450980392156863, "1/f1-score": 0.7684529828109201, "1/support": 1530, "micro avg/precision": 0.7707707707707707, "micro avg/recall": 0.7707707707707707, "micro avg/f1-score": 0.7707707707707706, "micro avg/support": 2997, "macro avg/precision": 0.7716597077244258, "macro avg/recall": 0.7713220257428124, "macro avg/f1-score": 0.7707477996314264, "macro avg/support": 2997, "weighted avg/precision": 0.7721150168958103, "weighted avg/recall": 0.7707707707707707, "weighted avg/f1-score": 0.770699560238803, "weighted avg/support": 2997, "accuracy": 0.7707707707707707, "roc_auc": 0.8452415003720188, "pr_auc": 0.8341861748363819, "conicity_mean": "0.1850467", "conicity_std": "0.038096573"}