{"0/precision": 0.8561151079136691, "0/recall": 0.702755905511811, "0/f1-score": 0.7718918918918918, "0/support": 1524, "1/precision": 0.7408466819221968, "1/recall": 0.8779661016949153, "1/f1-score": 0.8035991312441825, "1/support": 1475, "micro avg/precision": 0.7889296432144048, "micro avg/recall": 0.7889296432144048, "micro avg/f1-score": 0.7889296432144048, "micro avg/support": 2999, "macro avg/precision": 0.798480894917933, "macro avg/recall": 0.7903610036033631, "macro avg/f1-score": 0.7877455115680372, "macro avg/support": 2999, "weighted avg/precision": 0.7994225676210978, "weighted avg/recall": 0.7889296432144048, "weighted avg/f1-score": 0.7874864827703942, "weighted avg/support": 2999, "accuracy": 0.7889296432144048, "roc_auc": 0.876096356599493, "pr_auc": 0.8759355869184606, "conicity_mean": "0.48545837", "conicity_std": "0.14357077"}