{"0/precision": 0.8148148148148148, "0/recall": 0.8257372654155496, "0/f1-score": 0.8202396804260985, "0/support": 1492, "1/precision": 0.8250336473755047, "1/recall": 0.8140770252324038, "1/f1-score": 0.81951871657754, "1/support": 1506, "micro avg/precision": 0.8198799199466311, "micro avg/recall": 0.8198799199466311, "micro avg/f1-score": 0.8198799199466312, "micro avg/support": 2998, "macro avg/precision": 0.8199242310951598, "macro avg/recall": 0.8199071453239767, "macro avg/f1-score": 0.8198791985018192, "macro avg/support": 2998, "weighted avg/precision": 0.8199480909443675, "weighted avg/recall": 0.8198799199466311, "weighted avg/f1-score": 0.8198775151305918, "weighted avg/support": 2998, "accuracy": 0.8198799199466311, "roc_auc": 0.9040664865115055, "pr_auc": 0.8894507750038493, "conicity_mean": "0.46682626", "conicity_std": "0.12185779"}