{"0/precision": 0.7185354691075515, "0/recall": 0.8418230563002681, "0/f1-score": 0.7753086419753087, "0/support": 1492, "1/precision": 0.8112, "1/recall": 0.6733067729083665, "1/f1-score": 0.7358490566037736, "1/support": 1506, "micro avg/precision": 0.7571714476317545, "micro avg/recall": 0.7571714476317545, "micro avg/f1-score": 0.7571714476317545, "micro avg/support": 2998, "macro avg/precision": 0.7648677345537758, "macro avg/recall": 0.7575649146043173, "macro avg/f1-score": 0.7555788492895412, "macro avg/support": 2998, "weighted avg/precision": 0.7650840960335114, "weighted avg/recall": 0.7571714476317545, "weighted avg/f1-score": 0.7554867155011488, "weighted avg/support": 2998, "accuracy": 0.7571714476317545, "roc_auc": 0.8521014245075107, "pr_auc": 0.8386212847737253, "conicity_mean": "0.14059383", "conicity_std": "0.04838474"}