,mean,std
Overall,0.2448800504207611,0.2767478823661804
