,mean,std
Overall,0.02410115860402584,0.017069153487682343
