,mean,std
Overall,0.510480388700962,0.10540058173153355
