,mean,std
Overall,0.021121002733707428,0.01600826345384121
