,mean,std
Overall,0.6007269024848938,0.24521386623382568
