,mean,std
Overall,0.3908863533735275,0.09038597183023747
