{"0/precision": 0.772984441301273, "0/recall": 0.7450579413769598, "0/f1-score": 0.758764317945158, "0/support": 1467, "1/precision": 0.7637397346809854, "1/recall": 0.7901960784313725, "1/f1-score": 0.7767426919370383, "1/support": 1530, "micro avg/precision": 0.7681014347681014, "micro avg/recall": 0.7681014347681014, "micro avg/f1-score": 0.7681014347681014, "micro avg/support": 2997, "macro avg/precision": 0.7683620879911293, "macro avg/recall": 0.7676270099041662, "macro avg/f1-score": 0.7677535049410982, "macro avg/support": 2997, "weighted avg/precision": 0.76826492140503, "weighted avg/recall": 0.7681014347681014, "weighted avg/f1-score": 0.7679424668299017, "weighted avg/support": 2997, "accuracy": 0.7681014347681014, "roc_auc": 0.8408458861845124, "pr_auc": 0.8367334431755259, "conicity_mean": "0.14970718", "conicity_std": "0.047248166"}