{"0/precision": 0.6495726495726496, "0/recall": 0.7723577235772358, "0/f1-score": 0.7056638811513464, "0/support": 492, "1/precision": 0.7294685990338164, "1/recall": 0.5956607495069034, "1/f1-score": 0.6558089033659067, "1/support": 507, "micro avg/precision": 0.6826826826826827, "micro avg/recall": 0.6826826826826827, "micro avg/f1-score": 0.6826826826826827, "micro avg/support": 999, "macro avg/precision": 0.689520624303233, "macro avg/recall": 0.6840092365420696, "macro avg/f1-score": 0.6807363922586265, "macro avg/support": 999, "weighted avg/precision": 0.6901204437436321, "weighted avg/recall": 0.6826826826826827, "weighted avg/f1-score": 0.6803621056386158, "weighted avg/support": 999, "accuracy": 0.6826826826826827, "roc_auc": 0.7698401244367473, "pr_auc": 0.7667079214364352, "conicity_mean": "0.16934237", "conicity_std": "0.039868966"}