{"0/precision": 0.7921708185053381, "0/recall": 0.7459785522788204, "0/f1-score": 0.7683810838798758, "0/support": 1492, "1/precision": 0.7620841180163214, "1/recall": 0.8061088977423638, "1/f1-score": 0.7834785414649886, "1/support": 1506, "micro avg/precision": 0.776184122748499, "micro avg/recall": 0.776184122748499, "micro avg/f1-score": 0.7761841227484991, "micro avg/support": 2998, "macro avg/precision": 0.7771274682608298, "macro avg/recall": 0.776043725010592, "macro avg/f1-score": 0.7759298126724322, "macro avg/support": 2998, "weighted avg/precision": 0.7770572191269327, "weighted avg/recall": 0.776184122748499, "weighted avg/f1-score": 0.7759650635740653, "weighted avg/support": 2998, "accuracy": 0.776184122748499, "roc_auc": 0.8497422285834322, "pr_auc": 0.8331191517411455, "conicity_mean": "0.17570315", "conicity_std": "0.041904006"}