,mean,std
Overall,0.3628519940339029,0.14840157865412068
