,mean,std
Overall,0.7764617204666138,0.2836592197418213
