,mean,std
Overall,0.03744180127978325,0.03033836930990219
