,mean,std
Overall,0.05184550583362579,0.03565390035510063
