,mean,std
Overall,0.2242667100764811,0.1191988419043378
