,mean,std
Overall,0.4729509949684143,0.3607695400714874
