{"0/precision": 0.8291571753986332, "0/recall": 0.6488413547237076, "0/f1-score": 0.7279999999999999, "0/support": 561, "1/precision": 0.6482142857142857, "1/recall": 0.8287671232876712, "1/f1-score": 0.7274549098196391, "1/support": 438, "micro avg/precision": 0.7277277277277278, "micro avg/recall": 0.7277277277277278, "micro avg/f1-score": 0.7277277277277276, "micro avg/support": 999, "macro avg/precision": 0.7386857305564595, "macro avg/recall": 0.7388042390056895, "macro avg/f1-score": 0.7277274549098195, "macro avg/support": 999, "weighted avg/precision": 0.7498248573988893, "weighted avg/recall": 0.7277277277277278, "weighted avg/f1-score": 0.7277610115125144, "weighted avg/support": 999, "accuracy": 0.7277277277277278, "roc_auc": 0.8244817229506997, "pr_auc": 0.7861346043010929, "conicity_mean": "0.53063166", "conicity_std": "0.12521784"}