{"0/precision": 0.7885331347728965, "0/recall": 0.6948818897637795, "0/f1-score": 0.7387513079874433, "0/support": 1524, "1/precision": 0.7192028985507246, "1/recall": 0.8074576271186441, "1/f1-score": 0.7607793037368253, "1/support": 1475, "micro avg/precision": 0.7502500833611204, "micro avg/recall": 0.7502500833611204, "micro avg/f1-score": 0.7502500833611205, "micro avg/support": 2999, "macro avg/precision": 0.7538680166618106, "macro avg/recall": 0.7511697584412118, "macro avg/f1-score": 0.7497653058621343, "macro avg/support": 2999, "weighted avg/precision": 0.7544344023861997, "weighted avg/recall": 0.7502500833611204, "weighted avg/f1-score": 0.7495853505784198, "weighted avg/support": 2999, "accuracy": 0.7502500833611204, "roc_auc": 0.8338738378041727, "pr_auc": 0.8292623682392413, "conicity_mean": "0.15516073", "conicity_std": "0.051225975"}