{"0/precision": 0.704, "0/recall": 0.7410526315789474, "0/f1-score": 0.7220512820512821, "0/support": 475, "1/precision": 0.7535070140280561, "1/recall": 0.7175572519083969, "1/f1-score": 0.7350928641251222, "1/support": 524, "micro avg/precision": 0.7287287287287287, "micro avg/recall": 0.7287287287287287, "micro avg/f1-score": 0.7287287287287287, "micro avg/support": 999, "macro avg/precision": 0.7287535070140281, "macro avg/recall": 0.7293049417436721, "macro avg/f1-score": 0.7285720730882022, "macro avg/support": 999, "weighted avg/precision": 0.7299676429936951, "weighted avg/recall": 0.7287287287287287, "weighted avg/f1-score": 0.7288919116876106, "weighted avg/support": 999, "accuracy": 0.7287287287287287, "roc_auc": 0.7937846524708718, "pr_auc": 0.7991575169653078, "conicity_mean": "0.15326326", "conicity_std": "0.045145508"}