{"0/precision": 0.756578947368421, "0/recall": 0.696969696969697, "0/f1-score": 0.7255520504731862, "0/support": 495, "1/precision": 0.7232472324723247, "1/recall": 0.7793240556660039, "1/f1-score": 0.7502392344497608, "1/support": 503, "micro avg/precision": 0.7384769539078156, "micro avg/recall": 0.7384769539078156, "micro avg/f1-score": 0.7384769539078156, "micro avg/support": 998, "macro avg/precision": 0.7399130899203729, "macro avg/recall": 0.7381468763178505, "macro avg/f1-score": 0.7378956424614735, "macro avg/support": 998, "weighted avg/precision": 0.7397794958726931, "weighted avg/recall": 0.7384769539078156, "weighted avg/f1-score": 0.7379945890906381, "weighted avg/support": 998, "accuracy": 0.7384769539078156, "roc_auc": 0.7979637327549851, "pr_auc": 0.765070343206189, "conicity_mean": "0.17320225", "conicity_std": "0.04022508"}