{"0/precision": 0.7160751565762005, "0/recall": 0.692929292929293, "0/f1-score": 0.7043121149897331, "0/support": 495, "1/precision": 0.7071290944123314, "1/recall": 0.7296222664015904, "1/f1-score": 0.7181996086105675, "1/support": 503, "micro avg/precision": 0.7114228456913828, "micro avg/recall": 0.7114228456913828, "micro avg/f1-score": 0.7114228456913828, "micro avg/support": 998, "macro avg/precision": 0.7116021254942659, "macro avg/recall": 0.7112757796654416, "macro avg/f1-score": 0.7112558618001503, "macro avg/support": 998, "weighted avg/precision": 0.7115662695336893, "weighted avg/recall": 0.7114228456913828, "weighted avg/f1-score": 0.7113115230972277, "weighted avg/support": 998, "accuracy": 0.7114228456913828, "roc_auc": 0.7709862039881921, "pr_auc": 0.7557301776045438, "conicity_mean": "0.1686225", "conicity_std": "0.041724507"}