{"0/precision": 0.774746192893401, "0/recall": 0.8183646112600537, "0/f1-score": 0.7959582790091264, "0/support": 1492, "1/precision": 0.8094233473980309, "1/recall": 0.7642762284196547, "1/f1-score": 0.7862021857923497, "1/support": 1506, "micro avg/precision": 0.7911941294196131, "micro avg/recall": 0.7911941294196131, "micro avg/f1-score": 0.7911941294196131, "micro avg/support": 2998, "macro avg/precision": 0.7920847701457159, "macro avg/recall": 0.7913204198398542, "macro avg/f1-score": 0.791080232400738, "macro avg/support": 2998, "weighted avg/precision": 0.7921657374844525, "weighted avg/recall": 0.7911941294196131, "weighted avg/f1-score": 0.791057452996963, "weighted avg/support": 2998, "accuracy": 0.7911941294196131, "roc_auc": 0.8739608144722273, "pr_auc": 0.8652135474627614, "conicity_mean": "0.17117065", "conicity_std": "0.037255783"}