{"0/precision": 0.7526881720430108, "0/recall": 0.7486631016042781, "0/f1-score": 0.7506702412868632, "0/support": 561, "1/precision": 0.6802721088435374, "1/recall": 0.684931506849315, "1/f1-score": 0.68259385665529, "1/support": 438, "micro avg/precision": 0.7207207207207207, "micro avg/recall": 0.7207207207207207, "micro avg/f1-score": 0.7207207207207207, "micro avg/support": 999, "macro avg/precision": 0.7164801404432741, "macro avg/recall": 0.7167973042267965, "macro avg/f1-score": 0.7166320489710767, "macro avg/support": 999, "weighted avg/precision": 0.7209381863759744, "weighted avg/recall": 0.7207207207207207, "weighted avg/f1-score": 0.7208229375144618, "weighted avg/support": 999, "accuracy": 0.7207207207207207, "roc_auc": 0.7850788302037294, "pr_auc": 0.7292309596596749, "conicity_mean": "0.17567378", "conicity_std": "0.043441895"}