{"0/precision": 0.7716994894237783, "0/recall": 0.7211997273346966, "0/f1-score": 0.7455954897815363, "0/support": 1467, "1/precision": 0.7484624846248462, "1/recall": 0.7954248366013071, "1/f1-score": 0.7712294043092521, "1/support": 1530, "micro avg/precision": 0.7590924257590924, "micro avg/recall": 0.7590924257590924, "micro avg/f1-score": 0.7590924257590924, "micro avg/support": 2997, "macro avg/precision": 0.7600809870243123, "macro avg/recall": 0.7583122819680019, "macro avg/f1-score": 0.7584124470453942, "macro avg/support": 2997, "weighted avg/precision": 0.7598367542411404, "weighted avg/recall": 0.7590924257590924, "weighted avg/f1-score": 0.7586818725734632, "weighted avg/support": 2997, "accuracy": 0.7590924257590924, "roc_auc": 0.8337550289372736, "pr_auc": 0.8197228208597562, "conicity_mean": "0.15762244", "conicity_std": "0.050938684"}