{"0/precision": 0.8308535630383712, "0/recall": 0.7111260053619303, "0/f1-score": 0.7663416395810763, "0/support": 1492, "1/precision": 0.7495642068564788, "1/recall": 0.8565737051792829, "1/f1-score": 0.7995041834521227, "1/support": 1506, "micro avg/precision": 0.7841894596397598, "micro avg/recall": 0.7841894596397598, "micro avg/f1-score": 0.7841894596397598, "micro avg/support": 2998, "macro avg/precision": 0.790208884947425, "macro avg/recall": 0.7838498552706066, "macro avg/f1-score": 0.7829229115165994, "macro avg/support": 2998, "weighted avg/precision": 0.7900190832485346, "weighted avg/recall": 0.7841894596397598, "weighted avg/f1-score": 0.783000342406225, "weighted avg/support": 2998, "accuracy": 0.7841894596397598, "roc_auc": 0.8623168185168175, "pr_auc": 0.8474023173647556, "conicity_mean": "0.14702661", "conicity_std": "0.050017275"}