{"0/precision": 0.7638297872340426, "0/recall": 0.7296747967479674, "0/f1-score": 0.7463617463617463, "0/support": 492, "1/precision": 0.7485822306238186, "1/recall": 0.7810650887573964, "1/f1-score": 0.7644787644787644, "1/support": 507, "micro avg/precision": 0.7557557557557557, "micro avg/recall": 0.7557557557557557, "micro avg/f1-score": 0.7557557557557557, "micro avg/support": 999, "macro avg/precision": 0.7562060089289306, "macro avg/recall": 0.7553699427526819, "macro avg/f1-score": 0.7554202554202554, "macro avg/support": 999, "weighted avg/precision": 0.7560915377832081, "weighted avg/recall": 0.7557557557557557, "weighted avg/f1-score": 0.7555562690697826, "weighted avg/support": 999, "accuracy": 0.7557557557557557, "roc_auc": 0.83562242427158, "pr_auc": 0.8489421561883959, "conicity_mean": "0.5331731", "conicity_std": "0.1405543"}