{"0/precision": 0.7328918322295805, "0/recall": 0.6989473684210527, "0/f1-score": 0.7155172413793104, "0/support": 475, "1/precision": 0.7380952380952381, "1/recall": 0.7690839694656488, "1/f1-score": 0.7532710280373831, "1/support": 524, "micro avg/precision": 0.7357357357357357, "micro avg/recall": 0.7357357357357357, "micro avg/f1-score": 0.7357357357357357, "micro avg/support": 999, "macro avg/precision": 0.7354935351624093, "macro avg/recall": 0.7340156689433508, "macro avg/f1-score": 0.7343941347083467, "macro avg/support": 999, "weighted avg/precision": 0.7356211462171727, "weighted avg/recall": 0.7357357357357357, "weighted avg/f1-score": 0.7353200283751363, "weighted avg/support": 999, "accuracy": 0.7357357357357357, "roc_auc": 0.7980112494977902, "pr_auc": 0.8044425065727755, "conicity_mean": "0.15103152", "conicity_std": "0.046206314"}