{"0/precision": 0.7571157495256167, "0/recall": 0.7854330708661418, "0/f1-score": 0.7710144927536231, "0/support": 1524, "1/precision": 0.7693935119887165, "1/recall": 0.7396610169491525, "1/f1-score": 0.7542343587970965, "1/support": 1475, "micro avg/precision": 0.7629209736578859, "micro avg/recall": 0.7629209736578859, "micro avg/f1-score": 0.7629209736578859, "micro avg/support": 2999, "macro avg/precision": 0.7632546307571666, "macro avg/recall": 0.7625470439076472, "macro avg/f1-score": 0.7626244257753598, "macro avg/support": 2999, "weighted avg/precision": 0.7631543289297754, "weighted avg/recall": 0.7629209736578859, "weighted avg/f1-score": 0.7627615092304898, "weighted avg/support": 2999, "accuracy": 0.7629209736578859, "roc_auc": 0.841573468570666, "pr_auc": 0.8277100035016933, "conicity_mean": "0.1497135", "conicity_std": "0.050116945"}