{"0/precision": 0.7890568754499641, "0/recall": 0.7471029311520109, "0/f1-score": 0.7675070028011204, "0/support": 1467, "1/precision": 0.7692786069651741, "1/recall": 0.8084967320261438, "1/f1-score": 0.7884002549394519, "1/support": 1530, "micro avg/precision": 0.7784451117784451, "micro avg/recall": 0.7784451117784451, "micro avg/f1-score": 0.7784451117784451, "micro avg/support": 2997, "macro avg/precision": 0.779167741207569, "macro avg/recall": 0.7777998315890773, "macro avg/f1-score": 0.7779536288702862, "macro avg/support": 2997, "weighted avg/precision": 0.7789598615087802, "weighted avg/recall": 0.7784451117784451, "weighted avg/f1-score": 0.7781732276164848, "weighted avg/support": 2997, "accuracy": 0.7784451117784451, "roc_auc": 0.8509897483192324, "pr_auc": 0.8397094111297901, "conicity_mean": "0.18950623", "conicity_std": "0.0386761"}