{"0/precision": 0.786493860845839, "0/recall": 0.7859577368779823, "0/f1-score": 0.7862257074667577, "0/support": 1467, "1/precision": 0.7949052906596995, "1/recall": 0.7954248366013071, "1/f1-score": 0.7951649787651095, "1/support": 1530, "micro avg/precision": 0.7907907907907908, "micro avg/recall": 0.7907907907907908, "micro avg/f1-score": 0.7907907907907908, "micro avg/support": 2997, "macro avg/precision": 0.7906995757527693, "macro avg/recall": 0.7906912867396447, "macro avg/f1-score": 0.7906953431159336, "macro avg/support": 2997, "weighted avg/precision": 0.7907879841742363, "weighted avg/recall": 0.7907907907907908, "weighted avg/f1-score": 0.7907892994208712, "weighted avg/support": 2997, "accuracy": 0.7907907907907908, "roc_auc": 0.8676089658767392, "pr_auc": 0.8683142266145514, "conicity_mean": "0.469823", "conicity_std": "0.1395005"}