{"0/precision": 0.709349593495935, "0/recall": 0.705050505050505, "0/f1-score": 0.707193515704154, "0/support": 495, "1/precision": 0.7114624505928854, "1/recall": 0.7157057654075547, "1/f1-score": 0.7135777998017839, "1/support": 503, "micro avg/precision": 0.7104208416833667, "micro avg/recall": 0.7104208416833667, "micro avg/f1-score": 0.7104208416833667, "micro avg/support": 998, "macro avg/precision": 0.7104060220444102, "macro avg/recall": 0.7103781352290299, "macro avg/f1-score": 0.710385657752969, "macro avg/support": 998, "weighted avg/precision": 0.7104144904095282, "weighted avg/recall": 0.7104208416833667, "weighted avg/f1-score": 0.7104112460659856, "weighted avg/support": 998, "accuracy": 0.7104208416833667, "roc_auc": 0.7720465088258328, "pr_auc": 0.7568043094549995, "conicity_mean": "0.15007888", "conicity_std": "0.049953904"}