{"0/precision": 0.7023346303501945, "0/recall": 0.7292929292929293, "0/f1-score": 0.7155599603567888, "0/support": 495, "1/precision": 0.7231404958677686, "1/recall": 0.6958250497017893, "1/f1-score": 0.7092198581560284, "1/support": 503, "micro avg/precision": 0.7124248496993988, "micro avg/recall": 0.7124248496993988, "micro avg/f1-score": 0.7124248496993989, "micro avg/support": 998, "macro avg/precision": 0.7127375631089816, "macro avg/recall": 0.7125589894973593, "macro avg/f1-score": 0.7123899092564085, "macro avg/support": 998, "weighted avg/precision": 0.712820953351537, "weighted avg/recall": 0.7124248496993988, "weighted avg/f1-score": 0.712364498025143, "weighted avg/support": 998, "accuracy": 0.7124248496993988, "roc_auc": 0.7885093479526879, "pr_auc": 0.762579769287268, "conicity_mean": "0.14072588", "conicity_std": "0.04862649"}