{"0/precision": 0.7892049598832969, "0/recall": 0.7099737532808399, "0/f1-score": 0.7474956822107082, "0/support": 1524, "1/precision": 0.7285012285012284, "1/recall": 0.8040677966101695, "1/f1-score": 0.76442152755398, "1/support": 1475, "micro avg/precision": 0.7562520840280094, "micro avg/recall": 0.7562520840280094, "micro avg/f1-score": 0.7562520840280094, "micro avg/support": 2999, "macro avg/precision": 0.7588530941922627, "macro avg/recall": 0.7570207749455047, "macro avg/f1-score": 0.7559586048823441, "macro avg/support": 2999, "weighted avg/precision": 0.7593490066360308, "weighted avg/recall": 0.7562520840280094, "weighted avg/f1-score": 0.755820331054098, "weighted avg/support": 2999, "accuracy": 0.7562520840280094, "roc_auc": 0.8344501534765781, "pr_auc": 0.8270602122455679, "conicity_mean": "0.14412116", "conicity_std": "0.048373338"}