{"0/precision": 0.8755832037325039, "0/recall": 0.7546916890080428, "0/f1-score": 0.8106551475881928, "0/support": 1492, "1/precision": 0.7862149532710281, "1/recall": 0.8937583001328021, "1/f1-score": 0.8365444375388439, "1/support": 1506, "micro avg/precision": 0.8245496997998666, "micro avg/recall": 0.8245496997998666, "micro avg/f1-score": 0.8245496997998666, "micro avg/support": 2998, "macro avg/precision": 0.830899078501766, "macro avg/recall": 0.8242249945704225, "macro avg/f1-score": 0.8235997925635183, "macro avg/support": 2998, "weighted avg/precision": 0.8306904134740041, "weighted avg/recall": 0.8245496997998666, "weighted avg/f1-score": 0.8236602412058314, "weighted avg/support": 2998, "accuracy": 0.8245496997998666, "roc_auc": 0.9030629047705514, "pr_auc": 0.889831625077808, "conicity_mean": "0.42961502", "conicity_std": "0.11838297"}