{"0/precision": 0.7942028985507247, "0/recall": 0.5768421052631579, "0/f1-score": 0.6682926829268293, "0/support": 475, "1/precision": 0.6926605504587156, "1/recall": 0.8645038167938931, "1/f1-score": 0.769100169779287, "1/support": 524, "micro avg/precision": 0.7277277277277278, "micro avg/recall": 0.7277277277277278, "micro avg/f1-score": 0.7277277277277276, "micro avg/support": 999, "macro avg/precision": 0.7434317245047202, "macro avg/recall": 0.7206729610285255, "macro avg/f1-score": 0.7186964263530582, "macro avg/support": 999, "weighted avg/precision": 0.7409414466986599, "weighted avg/recall": 0.7277277277277278, "weighted avg/f1-score": 0.7211686820366269, "weighted avg/support": 999, "accuracy": 0.7277277277277278, "roc_auc": 0.7940016070711129, "pr_auc": 0.7767604403035901, "conicity_mean": "0.18566835", "conicity_std": "0.038041297"}