{"0/precision": 0.7157057654075547, "0/recall": 0.7272727272727273, "0/f1-score": 0.7214428857715431, "0/support": 495, "1/precision": 0.7272727272727273, "1/recall": 0.7157057654075547, "1/f1-score": 0.7214428857715431, "1/support": 503, "micro avg/precision": 0.7214428857715431, "micro avg/recall": 0.7214428857715431, "micro avg/f1-score": 0.7214428857715431, "micro avg/support": 998, "macro avg/precision": 0.721489246340141, "macro avg/recall": 0.721489246340141, "macro avg/f1-score": 0.7214428857715431, "macro avg/support": 998, "weighted avg/precision": 0.7215356069087389, "weighted avg/recall": 0.7214428857715431, "weighted avg/f1-score": 0.7214428857715431, "weighted avg/support": 998, "accuracy": 0.7214428857715431, "roc_auc": 0.7849910637186979, "pr_auc": 0.747050131731303, "conicity_mean": "0.17274506", "conicity_std": "0.039313763"}