{"0/precision": 0.7263349514563107, "0/recall": 0.8082376772451046, "0/f1-score": 0.7651006711409396, "0/support": 1481, "1/precision": 0.7896296296296297, "1/recall": 0.7027027027027027, "1/f1-score": 0.7436344611091734, "1/support": 1517, "micro avg/precision": 0.7548365577051368, "micro avg/recall": 0.7548365577051368, "micro avg/f1-score": 0.7548365577051368, "micro avg/support": 2998, "macro avg/precision": 0.7579822905429702, "macro avg/recall": 0.7554701899739037, "macro avg/f1-score": 0.7543675661250565, "macro avg/support": 2998, "weighted avg/precision": 0.7583623119596212, "weighted avg/recall": 0.7548365577051368, "weighted avg/f1-score": 0.7542386829427443, "weighted avg/support": 2998, "accuracy": 0.7548365577051368, "roc_auc": 0.8306779301163452, "pr_auc": 0.8226981909593327, "conicity_mean": "0.13590696", "conicity_std": "0.047828797"}